anio,nui,rg,sem,trim,mes,cd_recurso,nm_recurso,tipo_mp,precio,clase_industria_ii
2015,90060,15,2,4,11,205,ANCHOVETA,2,4577560.0,HUMANO
2015,90060,15,2,4,12,205,ANCHOVETA,2,4577560.0,HUMANO
2016,90060,15,2,3,7,205,ANCHOVETA,2,3900000.0,HUMANO
2016,90060,15,2,3,9,205,ANCHOVETA,2,3900000.0,HUMANO
2016,90060,15,2,4,12,205,ANCHOVETA,2,3900000.0,HUMANO
2017,90060,15,1,1,3,205,ANCHOVETA,2,3900000.0,HUMANO
2017,90060,15,1,2,4,205,ANCHOVETA,2,3900000.0,HUMANO
2017,90060,15,1,2,6,205,ANCHOVETA,2,3900000.0,HUMANO
2013,4098,13,1,2,6,205,ANCHOVETA,2,2527000.0,ANIMAL
2017,90478,5,1,1,1,234,JUREL,2,2000000.0,HUMANO
2017,90478,5,1,1,2,234,JUREL,2,2000000.0,HUMANO
2017,90478,5,1,1,3,234,JUREL,2,2000000.0,HUMANO
2017,90478,5,1,2,4,234,JUREL,2,2000000.0,HUMANO
2017,90478,5,1,2,5,234,JUREL,2,2000000.0,HUMANO
2017,90478,5,1,2,6,234,JUREL,2,2000000.0,HUMANO
2019,4262,15,2,3,9,205,ANCHOVETA,2,1615853.0,ANIMAL
2019,4262,15,1,2,6,205,ANCHOVETA,2,1596000.0,ANIMAL
2019,4262,15,2,3,8,205,ANCHOVETA,2,1591551.0,ANIMAL
2019,4262,15,1,1,1,205,ANCHOVETA,2,1589000.0,ANIMAL
2019,4262,15,2,3,7,205,ANCHOVETA,2,1527855.0,ANIMAL
2016,4098,13,1,1,1,205,ANCHOVETA,2,1430000.0,ANIMAL
2014,4145,13,2,4,10,205,ANCHOVETA,2,1325000.0,ANIMAL
2013,4145,13,2,3,7,205,ANCHOVETA,2,1279019.0,HUMANO
2013,4145,13,2,4,10,205,ANCHOVETA,2,1279019.0,HUMANO
2013,4145,13,2,4,11,205,ANCHOVETA,2,1279019.0,HUMANO
2013,4098,13,1,1,3,205,ANCHOVETA,2,1199000.0,ANIMAL
2015,4145,13,1,1,2,205,ANCHOVETA,2,1184878.0,ANIMAL
2016,4098,13,1,2,5,234,JUREL,2,1184000.0,ANIMAL
2015,4145,13,1,1,1,205,ANCHOVETA,2,1179729.0,ANIMAL
2016,4098,13,1,2,4,276,SARDINA COMUN,2,1170000.0,ANIMAL
2016,4098,13,1,2,5,276,SARDINA COMUN,2,1170000.0,ANIMAL
2016,4098,13,1,2,6,276,SARDINA COMUN,2,1170000.0,ANIMAL
2013,4098,13,1,2,4,205,ANCHOVETA,2,1133000.0,ANIMAL
2013,4098,13,1,2,5,205,ANCHOVETA,2,1133000.0,ANIMAL
2016,1916,8,1,1,2,205,ANCHOVETA,2,1112446.0,ANIMAL
2016,1916,8,1,1,1,205,ANCHOVETA,2,1111803.0,ANIMAL
2017,4262,15,2,3,9,205,ANCHOVETA,2,1111303.0,ANIMAL
2017,4262,15,2,3,8,205,ANCHOVETA,2,1107798.0,ANIMAL
2015,1916,8,2,4,11,205,ANCHOVETA,1,1094720.0,ANIMAL
2019,1916,8,1,2,5,276,SARDINA COMUN,2,1090605.0,ANIMAL
2016,1916,8,1,1,3,205,ANCHOVETA,2,1077671.0,ANIMAL
2016,1916,8,1,2,6,205,ANCHOVETA,2,1076091.0,ANIMAL
2019,1916,8,2,4,10,276,SARDINA COMUN,2,1067124.0,ANIMAL
2015,1916,8,1,1,1,205,ANCHOVETA,2,1040024.0,ANIMAL
2015,1916,8,2,3,7,205,ANCHOVETA,1,1027221.0,ANIMAL
2013,4098,13,1,1,1,205,ANCHOVETA,2,1019000.0,ANIMAL
2019,1916,8,1,2,4,276,SARDINA COMUN,2,1000000.0,ANIMAL
2019,1916,8,1,2,6,276,SARDINA COMUN,2,1000000.0,ANIMAL
2015,1916,8,1,1,2,205,ANCHOVETA,2,985320.0,ANIMAL
2015,1916,8,2,3,8,276,SARDINA COMUN,2,963368.0,ANIMAL
2016,1916,8,2,4,12,205,ANCHOVETA,2,957389.0,ANIMAL
2015,1916,8,2,3,7,276,SARDINA COMUN,2,910196.0,ANIMAL
2016,4,5,1,1,1,234,JUREL,2,900000.0,HUMANO
2015,1916,8,1,1,3,276,SARDINA COMUN,2,891788.0,ANIMAL
2019,1916,8,1,1,3,234,JUREL,2,845519.0,ANIMAL
2019,1916,8,1,1,3,276,SARDINA COMUN,2,845519.0,ANIMAL
2016,1916,8,2,4,10,205,ANCHOVETA,2,835823.0,ANIMAL
2015,1916,8,1,1,2,276,SARDINA COMUN,2,834485.0,ANIMAL
2015,1916,8,1,1,3,205,ANCHOVETA,2,803827.0,ANIMAL
2017,1916,8,2,4,11,276,SARDINA COMUN,2,773780.0,ANIMAL
2017,1916,8,2,4,10,276,SARDINA COMUN,2,771199.0,ANIMAL
2016,4,5,1,2,5,234,JUREL,2,700000.0,HUMANO
2015,1916,8,1,2,4,276,SARDINA COMUN,2,671160.0,ANIMAL
2017,1916,8,2,4,12,276,SARDINA COMUN,2,665143.0,ANIMAL
2017,1916,8,2,3,8,276,SARDINA COMUN,2,663567.0,ANIMAL
2015,1916,8,1,2,6,276,SARDINA COMUN,2,663375.0,ANIMAL
2017,1916,8,2,3,7,276,SARDINA COMUN,2,642166.0,ANIMAL
2019,1916,8,1,1,1,276,SARDINA COMUN,2,612823.0,ANIMAL
2014,4145,13,2,3,8,205,ANCHOVETA,2,562000.0,ANIMAL
2015,1916,8,1,2,5,276,SARDINA COMUN,2,544915.0,ANIMAL
2013,90073,8,2,3,7,276,SARDINA COMUN,1,517387.0,MIXTA_AH
2016,90149,4,2,3,8,234,JUREL,2,500000.0,HUMANO
2017,90149,4,2,3,7,234,JUREL,2,500000.0,HUMANO
2017,90149,4,2,3,8,234,JUREL,2,500000.0,HUMANO
2017,90149,4,2,3,9,234,JUREL,2,500000.0,HUMANO
2018,90149,4,2,3,7,234,JUREL,2,500000.0,HUMANO
2018,90149,4,2,3,8,234,JUREL,2,500000.0,HUMANO
2018,90149,4,2,4,11,234,JUREL,2,500000.0,HUMANO
2021,90149,4,2,3,7,234,JUREL,1,500000.0,HUMANO
2021,90149,4,2,3,9,234,JUREL,1,500000.0,HUMANO
2013,90073,8,2,4,12,234,JUREL,1,492418.0,MIXTA_AH
2013,90073,8,2,4,12,276,SARDINA COMUN,1,451009.0,MIXTA_AH
2013,90073,8,2,4,11,276,SARDINA COMUN,1,428014.0,MIXTA_AH
2016,90071,8,1,1,1,234,JUREL,2,413362.0,HUMANO
2016,90071,8,1,1,2,234,JUREL,2,410200.0,HUMANO
2024,92557,4,2,4,12,234,JUREL,1,400000.0,HUMANO
2022,92548,5,1,1,1,234,JUREL,1,350000.0,HUMANO
2019,1916,8,2,3,8,234,JUREL,2,348500.0,ANIMAL
2013,1811,4,2,4,12,234,JUREL,1,341856.0,HUMANO
2014,1811,4,1,1,1,234,JUREL,1,338000.0,HUMANO
2013,90073,8,1,2,6,276,SARDINA COMUN,1,328822.0,MIXTA_AH
2012,11180,10,1,1,2,234,JUREL,,320000.0,HUMANO
2022,92557,4,2,4,12,234,JUREL,1,320000.0,HUMANO
2024,92557,4,2,4,10,234,JUREL,1,320000.0,HUMANO
2023,92557,4,1,1,2,234,JUREL,1,318284.0,HUMANO
2023,92557,4,2,4,12,234,JUREL,1,317000.0,HUMANO
2013,90073,8,1,2,4,276,SARDINA COMUN,1,314074.0,MIXTA_AH
2023,92557,4,1,1,1,234,JUREL,1,300540.0,HUMANO
2013,1811,4,2,4,11,234,JUREL,1,300048.0,HUMANO
2019,92140,4,2,4,12,234,JUREL,1,300000.0,HUMANO
2024,13476,8,1,1,1,234,JUREL,1,300000.0,ANIMAL
2024,13476,8,1,1,3,234,JUREL,1,300000.0,ANIMAL
2024,13476,8,1,2,4,234,JUREL,1,300000.0,ANIMAL
2024,13476,8,1,2,5,234,JUREL,1,300000.0,ANIMAL
2016,28064,3,2,3,9,205,ANCHOVETA,1,295850.0,ANIMAL
2023,13476,8,1,1,1,234,JUREL,1,290000.0,ANIMAL
2023,13476,8,1,1,2,234,JUREL,1,290000.0,ANIMAL
2023,13476,8,1,1,3,234,JUREL,1,290000.0,ANIMAL
2023,13476,8,1,2,4,234,JUREL,1,290000.0,ANIMAL
2023,13476,8,1,2,5,234,JUREL,1,290000.0,ANIMAL
2023,13476,8,1,2,6,234,JUREL,1,290000.0,ANIMAL
2023,13476,8,2,4,11,234,JUREL,1,290000.0,ANIMAL
2014,1811,4,1,1,2,234,JUREL,1,289500.0,HUMANO
2014,1811,4,1,1,3,234,JUREL,1,284640.0,HUMANO
2024,92557,4,1,2,4,234,JUREL,1,284382.0,HUMANO
2013,90073,8,1,2,5,276,SARDINA COMUN,1,276693.0,MIXTA_AH
2023,28064,3,2,4,11,234,JUREL,1,272174.0,ANIMAL
2024,28064,3,2,4,11,234,JUREL,1,272174.0,ANIMAL
2023,90073,8,2,4,10,205,ANCHOVETA,1,271000.0,MIXTA_AH
2023,90073,8,2,4,10,276,SARDINA COMUN,1,271000.0,MIXTA_AH
2024,92557,4,1,1,1,234,JUREL,1,265399.0,HUMANO
2023,28064,3,2,4,10,234,JUREL,1,265251.0,ANIMAL
2024,28064,3,2,4,10,234,JUREL,1,265251.0,ANIMAL
2020,90099,8,2,4,12,205,ANCHOVETA,1,263052.0,ANIMAL
2020,90099,8,2,4,12,276,SARDINA COMUN,1,263052.0,ANIMAL
2023,92557,4,2,4,11,234,JUREL,1,262000.0,HUMANO
2020,90099,8,1,1,1,234,JUREL,1,255715.0,ANIMAL
2022,90035,4,1,2,5,234,JUREL,1,254160.0,ANIMAL
2023,92557,4,2,4,10,234,JUREL,1,252000.0,HUMANO
2012,1916,8,1,2,5,276,SARDINA COMUN,,250000.0,ANIMAL
2012,16393,5,1,1,1,234,JUREL,,250000.0,HUMANO
2012,16393,5,1,2,4,234,JUREL,,250000.0,HUMANO
2012,16393,5,2,4,11,234,JUREL,,250000.0,HUMANO
2015,4376,8,2,3,7,234,JUREL,2,250000.0,HUMANO
2015,4376,8,2,3,8,234,JUREL,2,250000.0,HUMANO
2015,4376,8,2,3,9,234,JUREL,2,250000.0,HUMANO
2015,4376,8,2,4,10,234,JUREL,2,250000.0,HUMANO
2015,4376,8,2,4,11,234,JUREL,2,250000.0,HUMANO
2015,4376,8,2,4,12,234,JUREL,2,250000.0,HUMANO
2023,28064,3,2,4,12,234,JUREL,1,249618.0,ANIMAL
2024,28064,3,2,4,12,234,JUREL,1,249618.0,ANIMAL
2019,1916,8,1,1,2,276,SARDINA COMUN,2,249537.0,ANIMAL
2023,90073,8,2,4,11,205,ANCHOVETA,1,246000.0,MIXTA_AH
2023,90073,8,2,4,11,276,SARDINA COMUN,1,246000.0,MIXTA_AH
2022,13476,8,2,4,11,234,JUREL,1,245000.0,ANIMAL
2022,13476,8,2,4,12,234,JUREL,1,245000.0,ANIMAL
2022,90035,4,2,3,7,234,JUREL,1,244084.0,ANIMAL
2024,92557,4,1,1,3,234,JUREL,1,240889.0,HUMANO
2017,10951,8,1,1,1,234,JUREL,1,240000.0,MIXTA_AH
2017,10951,8,1,1,3,234,JUREL,1,240000.0,MIXTA_AH
2017,10951,8,1,2,4,234,JUREL,1,240000.0,MIXTA_AH
2017,10951,8,1,2,5,234,JUREL,1,240000.0,MIXTA_AH
2017,10951,8,1,2,6,234,JUREL,1,240000.0,MIXTA_AH
2017,10951,8,2,3,7,234,JUREL,1,240000.0,MIXTA_AH
2017,10951,8,2,3,8,234,JUREL,1,240000.0,MIXTA_AH
2019,13476,8,1,1,1,234,JUREL,1,240000.0,ANIMAL
2020,13476,8,1,1,1,234,JUREL,1,240000.0,ANIMAL
2020,13476,8,1,2,4,234,JUREL,1,240000.0,ANIMAL
2021,10951,8,1,1,1,234,JUREL,1,240000.0,MIXTA_AH
2021,10951,8,1,1,2,234,JUREL,1,240000.0,MIXTA_AH
2021,10951,8,1,1,3,234,JUREL,1,240000.0,MIXTA_AH
2021,10951,8,1,2,4,234,JUREL,1,240000.0,MIXTA_AH
2021,10951,8,1,2,5,234,JUREL,1,240000.0,MIXTA_AH
2021,10951,8,1,2,6,234,JUREL,1,240000.0,MIXTA_AH
2021,13476,8,1,1,1,234,JUREL,1,240000.0,ANIMAL
2021,90515,4,1,1,1,234,JUREL,1,240000.0,HUMANO
2021,90515,4,1,1,2,234,JUREL,1,240000.0,HUMANO
2021,90515,4,1,1,3,234,JUREL,1,240000.0,HUMANO
2021,90515,4,1,2,4,234,JUREL,1,240000.0,HUMANO
2021,90515,4,1,2,5,234,JUREL,1,240000.0,HUMANO
2021,90515,4,1,2,6,234,JUREL,1,240000.0,HUMANO
2017,90099,8,1,1,1,234,JUREL,1,237899.0,ANIMAL
2022,90035,4,2,4,11,234,JUREL,1,235661.0,ANIMAL
2022,90073,8,2,3,7,276,SARDINA COMUN,1,231917.0,MIXTA_AH
2022,90035,4,1,2,6,234,JUREL,1,231590.0,ANIMAL
2023,90073,8,2,3,7,205,ANCHOVETA,1,231000.0,MIXTA_AH
2023,90073,8,2,3,7,276,SARDINA COMUN,1,231000.0,MIXTA_AH
2023,28064,3,2,4,11,278,SARDINA ESPAÑOLA,1,230301.0,ANIMAL
2024,28064,3,2,4,11,278,SARDINA ESPAÑOLA,1,230301.0,ANIMAL
2018,10951,8,1,1,1,234,JUREL,1,230000.0,MIXTA_AH
2018,10951,8,1,1,2,234,JUREL,1,230000.0,MIXTA_AH
2018,10951,8,1,1,3,234,JUREL,1,230000.0,MIXTA_AH
2018,10951,8,1,2,4,234,JUREL,1,230000.0,MIXTA_AH
2018,10951,8,1,2,5,234,JUREL,1,230000.0,MIXTA_AH
2018,10951,8,1,2,6,234,JUREL,1,230000.0,MIXTA_AH
2018,13476,8,1,1,1,234,JUREL,1,230000.0,ANIMAL
2018,13476,8,1,1,2,234,JUREL,1,230000.0,ANIMAL
2019,10951,8,1,1,1,234,JUREL,1,230000.0,MIXTA_AH
2019,10951,8,1,1,2,234,JUREL,1,230000.0,MIXTA_AH
2019,10951,8,1,1,3,234,JUREL,1,230000.0,MIXTA_AH
2019,10951,8,1,2,4,234,JUREL,1,230000.0,MIXTA_AH
2019,10951,8,1,2,5,234,JUREL,1,230000.0,MIXTA_AH
2019,10951,8,1,2,6,234,JUREL,1,230000.0,MIXTA_AH
2019,10951,8,2,3,7,234,JUREL,1,230000.0,MIXTA_AH
2019,10951,8,2,4,12,234,JUREL,1,230000.0,MIXTA_AH
2020,10951,8,1,1,1,234,JUREL,1,230000.0,MIXTA_AH
2020,10951,8,1,1,2,234,JUREL,1,230000.0,MIXTA_AH
2020,10951,8,1,1,3,234,JUREL,1,230000.0,MIXTA_AH
2020,10951,8,1,2,4,234,JUREL,1,230000.0,MIXTA_AH
2020,10951,8,1,2,6,234,JUREL,1,230000.0,MIXTA_AH
2021,92557,4,1,1,1,234,JUREL,1,230000.0,HUMANO
2024,18478,1,1,1,1,234,JUREL,1,229000.0,ANIMAL
2024,18478,1,1,1,2,234,JUREL,1,229000.0,ANIMAL
2022,90073,8,2,3,7,205,ANCHOVETA,1,228717.0,MIXTA_AH
2022,90035,4,2,4,12,234,JUREL,1,227141.0,ANIMAL
2012,2421,8,2,3,9,234,JUREL,,227000.0,ANIMAL
2012,13702,8,2,3,9,234,JUREL,,227000.0,ANIMAL
2012,14815,8,2,3,9,234,JUREL,,227000.0,MIXTA_AH
2012,90071,8,2,3,9,234,JUREL,,227000.0,HUMANO
2023,15232,2,2,3,9,234,JUREL,1,226828.0,ANIMAL
2024,18478,1,1,1,3,205,ANCHOVETA,1,226568.0,ANIMAL
2024,18478,1,1,1,3,234,JUREL,1,226568.0,ANIMAL
2023,28064,3,2,4,10,278,SARDINA ESPAÑOLA,1,224443.0,ANIMAL
2024,28064,3,2,4,10,278,SARDINA ESPAÑOLA,1,224443.0,ANIMAL
2023,90073,8,2,4,12,205,ANCHOVETA,1,223000.0,MIXTA_AH
2023,90073,8,2,4,12,276,SARDINA COMUN,1,223000.0,MIXTA_AH
2018,14815,8,1,1,2,234,JUREL,1,221923.0,MIXTA_AH
2013,2743,8,1,1,2,205,ANCHOVETA,1,221303.0,ANIMAL
2023,90073,8,1,2,6,205,ANCHOVETA,1,221000.0,MIXTA_AH
2023,90073,8,1,2,6,276,SARDINA COMUN,1,221000.0,MIXTA_AH
2014,10951,8,1,1,1,234,JUREL,1,220000.0,MIXTA_AH
2014,10951,8,1,1,2,234,JUREL,1,220000.0,MIXTA_AH
2014,10951,8,1,1,3,234,JUREL,1,220000.0,MIXTA_AH
2014,10951,8,1,2,4,234,JUREL,1,220000.0,MIXTA_AH
2014,10951,8,1,2,5,234,JUREL,1,220000.0,MIXTA_AH
2014,10951,8,1,2,6,234,JUREL,1,220000.0,MIXTA_AH
2014,10951,8,2,3,8,234,JUREL,1,220000.0,MIXTA_AH
2014,10951,8,2,4,10,234,JUREL,1,220000.0,MIXTA_AH
2014,10951,8,2,4,12,234,JUREL,1,220000.0,MIXTA_AH
2017,13476,8,1,1,1,234,JUREL,1,220000.0,ANIMAL
2018,14815,8,2,3,7,234,JUREL,1,220000.0,MIXTA_AH
2018,14815,8,2,3,8,234,JUREL,1,220000.0,MIXTA_AH
2018,14815,8,2,3,9,234,JUREL,1,220000.0,MIXTA_AH
2018,14815,8,2,4,12,234,JUREL,1,220000.0,MIXTA_AH
2022,90035,4,1,2,4,234,JUREL,1,219640.0,ANIMAL
2023,28064,3,1,2,6,234,JUREL,1,219476.0,ANIMAL
2020,92557,4,2,3,9,234,JUREL,1,219469.0,HUMANO
2018,90099,8,1,1,1,234,JUREL,1,219398.0,ANIMAL
2023,28064,3,2,3,7,234,JUREL,1,219132.0,ANIMAL
2024,28064,3,2,3,7,234,JUREL,1,219132.0,ANIMAL
2023,90073,8,1,2,5,205,ANCHOVETA,1,217000.0,MIXTA_AH
2023,90073,8,1,2,5,276,SARDINA COMUN,1,217000.0,MIXTA_AH
2018,90099,8,1,1,2,205,ANCHOVETA,1,215570.0,ANIMAL
2018,90099,8,1,1,2,276,SARDINA COMUN,1,215570.0,ANIMAL
2018,14815,8,1,1,1,234,JUREL,1,215534.0,MIXTA_AH
2022,28064,3,2,3,8,234,JUREL,1,214901.0,ANIMAL
2024,18478,1,1,2,4,205,ANCHOVETA,1,213084.0,ANIMAL
2022,28064,3,2,4,11,234,JUREL,1,211525.0,ANIMAL
2022,28064,3,2,3,7,234,JUREL,1,211287.0,ANIMAL
2023,28064,3,2,4,12,278,SARDINA ESPAÑOLA,1,211215.0,ANIMAL
2024,28064,3,2,4,12,278,SARDINA ESPAÑOLA,1,211215.0,ANIMAL
2024,18478,1,1,2,4,234,JUREL,1,210084.0,ANIMAL
2018,1811,4,2,4,10,234,JUREL,1,210000.0,HUMANO
2020,10951,8,2,3,7,234,JUREL,1,210000.0,MIXTA_AH
2020,10951,8,2,4,12,234,JUREL,1,210000.0,MIXTA_AH
2020,92557,4,2,3,8,234,JUREL,1,210000.0,HUMANO
2023,28064,3,1,2,5,234,JUREL,1,208679.0,ANIMAL
2012,10951,8,1,1,1,234,JUREL,,208000.0,MIXTA_AH
2012,10951,8,1,1,2,234,JUREL,,208000.0,MIXTA_AH
2013,1811,4,2,4,10,234,JUREL,1,207555.0,HUMANO
2022,90073,8,2,4,10,276,SARDINA COMUN,1,206435.0,MIXTA_AH
2022,90073,8,1,2,6,205,ANCHOVETA,1,206429.0,MIXTA_AH
2022,28064,3,2,4,12,234,JUREL,1,205458.0,ANIMAL
2023,15232,2,2,4,12,205,ANCHOVETA,1,205264.0,ANIMAL
2023,15232,2,2,4,12,234,JUREL,1,205264.0,ANIMAL
2022,90073,8,2,4,11,205,ANCHOVETA,1,204750.0,MIXTA_AH
2023,28064,3,1,1,3,234,JUREL,1,204209.0,ANIMAL
2022,90073,8,2,4,11,276,SARDINA COMUN,1,203649.0,MIXTA_AH
2022,90073,8,2,4,10,205,ANCHOVETA,1,203429.0,MIXTA_AH
2022,28064,3,1,2,5,234,JUREL,1,202667.0,ANIMAL
2022,90073,8,1,2,5,205,ANCHOVETA,1,202146.0,MIXTA_AH
2020,90099,8,1,1,2,234,JUREL,1,202004.0,ANIMAL
2023,90073,8,1,2,4,205,ANCHOVETA,1,202000.0,MIXTA_AH
2023,90073,8,1,2,4,276,SARDINA COMUN,1,202000.0,MIXTA_AH
2023,15232,2,2,4,11,205,ANCHOVETA,1,201919.0,ANIMAL
2024,18478,1,1,2,6,205,ANCHOVETA,1,201226.0,ANIMAL
2024,18478,1,1,2,6,234,JUREL,1,201226.0,ANIMAL
2015,14815,8,1,1,2,234,JUREL,1,200000.0,MIXTA_AH
2015,14815,8,1,1,3,234,JUREL,1,200000.0,MIXTA_AH
2015,90071,8,1,2,5,234,JUREL,1,200000.0,HUMANO
2016,10951,8,1,1,1,234,JUREL,1,200000.0,MIXTA_AH
2016,10951,8,1,1,2,234,JUREL,1,200000.0,MIXTA_AH
2016,10951,8,1,1,3,234,JUREL,1,200000.0,MIXTA_AH
2016,10951,8,1,2,4,234,JUREL,1,200000.0,MIXTA_AH
2016,10951,8,1,2,5,234,JUREL,1,200000.0,MIXTA_AH
2016,10951,8,1,2,6,234,JUREL,1,200000.0,MIXTA_AH
2016,10951,8,2,3,7,234,JUREL,1,200000.0,MIXTA_AH
2016,10951,8,2,4,12,234,JUREL,1,200000.0,MIXTA_AH
2018,10951,8,2,3,7,234,JUREL,1,200000.0,MIXTA_AH
2018,10951,8,2,3,8,234,JUREL,1,200000.0,MIXTA_AH
2018,10951,8,2,3,9,234,JUREL,1,200000.0,MIXTA_AH
2018,10951,8,2,4,12,234,JUREL,1,200000.0,MIXTA_AH
2020,14837,14,1,1,2,234,JUREL,1,200000.0,ANIMAL
2021,92557,4,1,1,2,234,JUREL,1,200000.0,HUMANO
2023,15232,2,2,4,10,205,ANCHOVETA,1,199745.0,ANIMAL
2023,15232,2,2,4,10,234,JUREL,1,199745.0,ANIMAL
2017,14815,8,2,4,11,276,SARDINA COMUN,1,198991.0,MIXTA_AH
2018,1811,4,2,3,8,234,JUREL,1,198000.0,HUMANO
2022,90073,8,1,2,5,276,SARDINA COMUN,1,197958.0,MIXTA_AH
2022,18478,1,2,3,7,205,ANCHOVETA,1,197367.0,ANIMAL
2022,90073,8,1,2,4,205,ANCHOVETA,1,196105.0,MIXTA_AH
2018,1811,4,2,3,7,234,JUREL,1,196000.0,HUMANO
2022,18478,1,2,4,10,205,ANCHOVETA,1,195887.0,ANIMAL
2023,28064,3,1,1,2,234,JUREL,1,195631.0,ANIMAL
2023,92557,4,1,1,3,234,JUREL,1,195609.0,HUMANO
2023,28064,3,1,2,4,234,JUREL,1,195475.0,ANIMAL
2016,90035,4,2,4,12,234,JUREL,1,195340.0,MIXTA_AH
2022,18478,1,2,3,8,205,ANCHOVETA,1,195227.0,ANIMAL
2024,18478,1,1,2,5,234,JUREL,1,194933.0,ANIMAL
2022,18478,1,2,3,9,205,ANCHOVETA,1,194655.0,ANIMAL
2015,90035,4,1,2,4,234,JUREL,1,194041.0,MIXTA_AH
2013,14815,8,1,1,1,234,JUREL,1,193000.0,MIXTA_AH
2013,90071,8,1,1,1,234,JUREL,1,193000.0,HUMANO
2023,90073,8,1,1,2,205,ANCHOVETA,1,193000.0,MIXTA_AH
2023,90073,8,1,1,3,205,ANCHOVETA,1,193000.0,MIXTA_AH
2023,90073,8,1,1,2,276,SARDINA COMUN,1,193000.0,MIXTA_AH
2023,90073,8,1,1,3,276,SARDINA COMUN,1,193000.0,MIXTA_AH
2022,15232,2,1,2,6,205,ANCHOVETA,1,192915.0,ANIMAL
2022,15232,2,1,2,6,234,JUREL,1,192915.0,ANIMAL
2020,90099,8,2,4,11,205,ANCHOVETA,1,191823.0,ANIMAL
2020,90099,8,2,4,11,276,SARDINA COMUN,1,191823.0,ANIMAL
2022,18478,1,2,4,11,205,ANCHOVETA,1,191309.0,ANIMAL
2013,2743,8,1,1,3,276,SARDINA COMUN,1,191270.0,ANIMAL
2013,90073,8,1,1,3,276,SARDINA COMUN,1,191270.0,MIXTA_AH
2022,90073,8,2,4,12,205,ANCHOVETA,1,190640.0,MIXTA_AH
2013,90073,8,2,4,10,276,SARDINA COMUN,1,190386.0,MIXTA_AH
2012,1916,8,2,4,12,276,SARDINA COMUN,,190000.0,ANIMAL
2024,13476,8,1,1,3,205,ANCHOVETA,1,190000.0,ANIMAL
2024,13476,8,1,2,4,205,ANCHOVETA,1,190000.0,ANIMAL
2024,13476,8,1,2,5,205,ANCHOVETA,1,190000.0,ANIMAL
2024,13476,8,1,2,6,205,ANCHOVETA,1,190000.0,ANIMAL
2024,13476,8,1,1,3,276,SARDINA COMUN,1,190000.0,ANIMAL
2024,13476,8,1,2,4,276,SARDINA COMUN,1,190000.0,ANIMAL
2024,13476,8,1,2,5,276,SARDINA COMUN,1,190000.0,ANIMAL
2024,13476,8,1,2,6,276,SARDINA COMUN,1,190000.0,ANIMAL
2022,90073,8,2,4,12,276,SARDINA COMUN,1,189811.0,MIXTA_AH
2022,15232,2,2,3,7,205,ANCHOVETA,1,189689.0,ANIMAL
2022,15232,2,2,3,7,234,JUREL,1,189689.0,ANIMAL
2021,17003,8,1,2,5,205,ANCHOVETA,1,189262.0,ANIMAL
2021,17003,8,1,2,5,276,SARDINA COMUN,1,189262.0,ANIMAL
2021,90099,8,1,2,6,205,ANCHOVETA,1,189262.0,ANIMAL
2021,90099,8,1,2,6,276,SARDINA COMUN,1,189262.0,ANIMAL
2022,15232,2,2,4,10,205,ANCHOVETA,1,188856.0,ANIMAL
2022,15232,2,2,3,9,205,ANCHOVETA,1,188491.0,ANIMAL
2022,28064,3,1,1,1,234,JUREL,1,187905.0,ANIMAL
2022,15232,2,2,3,8,205,ANCHOVETA,1,187218.0,ANIMAL
2016,90035,4,2,3,8,234,JUREL,1,186840.0,MIXTA_AH
2022,90035,4,1,1,1,234,JUREL,1,186570.0,ANIMAL
2022,90073,8,1,2,6,276,SARDINA COMUN,1,186367.0,MIXTA_AH
2022,18478,1,2,4,12,205,ANCHOVETA,1,186280.0,ANIMAL
2022,90073,8,1,1,2,205,ANCHOVETA,1,186161.0,MIXTA_AH
2021,28064,3,2,4,12,234,JUREL,1,186005.0,ANIMAL
2023,28064,3,1,2,6,278,SARDINA ESPAÑOLA,1,185710.0,ANIMAL
2016,18478,1,2,3,7,205,ANCHOVETA,1,185650.0,ANIMAL
2022,92557,4,1,1,1,234,JUREL,1,185554.0,HUMANO
2022,90073,8,1,2,4,276,SARDINA COMUN,1,185527.0,MIXTA_AH
2023,28064,3,2,3,7,278,SARDINA ESPAÑOLA,1,185419.0,ANIMAL
2024,28064,3,2,3,7,278,SARDINA ESPAÑOLA,1,185419.0,ANIMAL
2022,28064,3,1,2,4,234,JUREL,1,184400.0,ANIMAL
2022,15232,2,1,2,4,205,ANCHOVETA,1,184349.0,ANIMAL
2022,15232,2,1,2,4,234,JUREL,1,184349.0,ANIMAL
2022,90035,4,1,1,2,234,JUREL,1,183760.0,ANIMAL
2022,15232,2,2,4,11,205,ANCHOVETA,1,183742.0,ANIMAL
2022,15232,2,2,4,11,234,JUREL,1,183742.0,ANIMAL
2022,90073,8,1,1,3,205,ANCHOVETA,1,183391.0,MIXTA_AH
2022,90035,4,1,1,3,234,JUREL,1,182420.0,ANIMAL
2022,90073,8,1,1,3,276,SARDINA COMUN,1,182376.0,MIXTA_AH
2019,14837,14,2,3,7,205,ANCHOVETA,1,182213.0,ANIMAL
2019,14837,14,2,3,7,276,SARDINA COMUN,1,182213.0,ANIMAL
2022,28064,3,1,1,2,234,JUREL,1,181845.0,ANIMAL
2022,28064,3,2,3,8,205,ANCHOVETA,1,181840.0,ANIMAL
2022,28064,3,2,3,8,278,SARDINA ESPAÑOLA,1,181840.0,ANIMAL
2014,90071,8,1,1,1,234,JUREL,1,181715.0,HUMANO
2015,90035,4,1,1,1,234,JUREL,1,181427.0,MIXTA_AH
2022,28064,3,1,1,3,234,JUREL,1,181101.0,ANIMAL
2020,28064,3,1,1,3,234,JUREL,1,180393.0,ANIMAL
2015,90035,4,1,2,5,234,JUREL,1,180269.0,MIXTA_AH
2020,17003,8,1,2,5,205,ANCHOVETA,1,180163.0,ANIMAL
2020,17003,8,1,2,5,276,SARDINA COMUN,1,180163.0,ANIMAL
2020,90099,8,1,2,5,205,ANCHOVETA,1,180163.0,ANIMAL
2020,90099,8,1,2,5,234,JUREL,1,180163.0,ANIMAL
2020,90099,8,1,2,5,276,SARDINA COMUN,1,180163.0,ANIMAL
2012,1492,3,2,4,10,234,JUREL,,180000.0,HUMANO
2012,1492,3,2,4,11,234,JUREL,,180000.0,HUMANO
2018,90099,8,2,4,12,205,ANCHOVETA,1,179945.0,ANIMAL
2018,90099,8,2,4,12,276,SARDINA COMUN,1,179945.0,ANIMAL
2020,28064,3,1,2,4,234,JUREL,1,179881.0,ANIMAL
2016,90035,4,2,3,9,234,JUREL,1,179390.0,MIXTA_AH
2022,28064,3,2,4,11,205,ANCHOVETA,1,178983.0,ANIMAL
2022,28064,3,2,3,7,205,ANCHOVETA,1,178871.0,ANIMAL
2022,28064,3,2,3,7,278,SARDINA ESPAÑOLA,1,178871.0,ANIMAL
2022,15232,2,2,4,12,205,ANCHOVETA,1,178751.0,ANIMAL
2022,15232,2,2,4,12,234,JUREL,1,178751.0,ANIMAL
2021,90035,4,2,4,12,234,JUREL,1,178560.0,ANIMAL
2015,90071,8,2,4,12,234,JUREL,1,176345.0,HUMANO
2019,90099,8,1,2,5,205,ANCHOVETA,1,176030.0,ANIMAL
2019,90099,8,1,2,5,276,SARDINA COMUN,1,176030.0,ANIMAL
2021,90035,4,2,4,11,234,JUREL,1,175167.0,ANIMAL
2014,90035,4,2,4,12,234,JUREL,1,174770.0,MIXTA_AH
2015,90035,4,1,2,6,234,JUREL,1,174685.0,MIXTA_AH
2022,15232,2,1,2,5,205,ANCHOVETA,1,174330.0,ANIMAL
2022,15232,2,1,2,5,234,JUREL,1,174330.0,ANIMAL
2020,90099,8,2,3,7,205,ANCHOVETA,1,174124.0,ANIMAL
2020,90099,8,2,3,7,276,SARDINA COMUN,1,174124.0,ANIMAL
2022,90073,8,1,1,2,276,SARDINA COMUN,1,174062.0,MIXTA_AH
2021,90035,4,1,1,3,234,JUREL,1,173920.0,ANIMAL
2022,28064,3,2,4,12,205,ANCHOVETA,1,173849.0,ANIMAL
2022,28064,3,2,4,12,278,SARDINA ESPAÑOLA,1,173849.0,ANIMAL
2020,90035,4,1,2,5,234,JUREL,1,173148.0,ANIMAL
2021,17003,8,1,1,3,205,ANCHOVETA,1,173021.0,ANIMAL
2021,17003,8,1,1,3,276,SARDINA COMUN,1,173021.0,ANIMAL
2021,90099,8,1,2,4,205,ANCHOVETA,1,173021.0,ANIMAL
2021,90099,8,1,2,4,276,SARDINA COMUN,1,173021.0,ANIMAL
2023,28064,3,1,1,3,205,ANCHOVETA,1,172792.0,ANIMAL
2021,28064,3,2,4,11,234,JUREL,1,172512.0,ANIMAL
2020,17003,8,1,2,6,205,ANCHOVETA,1,172458.0,ANIMAL
2020,17003,8,1,2,6,276,SARDINA COMUN,1,172458.0,ANIMAL
2020,90099,8,1,2,6,205,ANCHOVETA,1,172458.0,ANIMAL
2020,90099,8,1,2,6,234,JUREL,1,172458.0,ANIMAL
2020,90099,8,1,2,6,276,SARDINA COMUN,1,172458.0,ANIMAL
2021,28064,3,2,4,10,234,JUREL,1,172370.0,ANIMAL
2017,90035,4,2,4,11,234,JUREL,1,172000.0,MIXTA_AH
2022,28064,3,1,2,5,205,ANCHOVETA,1,171487.0,ANIMAL
2022,28064,3,1,2,5,278,SARDINA ESPAÑOLA,1,171487.0,ANIMAL
2016,18478,1,2,4,11,205,ANCHOVETA,1,171140.0,ANIMAL
2021,18478,1,2,4,12,205,ANCHOVETA,1,170513.0,ANIMAL
2021,15232,2,2,4,12,205,ANCHOVETA,1,170248.0,ANIMAL
2021,15232,2,2,4,12,234,JUREL,1,170248.0,ANIMAL
2016,90035,4,2,4,10,234,JUREL,1,170100.0,MIXTA_AH
2013,90071,8,1,1,2,234,JUREL,1,170000.0,HUMANO
2020,18478,1,2,3,7,205,ANCHOVETA,1,169033.0,ANIMAL
2020,90035,4,1,2,4,234,JUREL,1,168729.0,ANIMAL
2020,15219,8,1,1,3,276,SARDINA COMUN,1,168000.0,MIXTA_AH
2020,15219,8,1,2,4,276,SARDINA COMUN,1,168000.0,MIXTA_AH
2020,15219,8,1,2,5,276,SARDINA COMUN,1,168000.0,MIXTA_AH
2020,15219,8,1,2,6,276,SARDINA COMUN,1,168000.0,MIXTA_AH
2020,15219,8,2,3,7,276,SARDINA COMUN,1,168000.0,MIXTA_AH
2020,15219,8,2,4,11,276,SARDINA COMUN,1,168000.0,MIXTA_AH
2020,15219,8,2,4,12,276,SARDINA COMUN,1,168000.0,MIXTA_AH
2013,90071,8,2,4,12,234,JUREL,1,167393.0,HUMANO
2020,18478,1,1,2,5,205,ANCHOVETA,1,167152.0,ANIMAL
2021,90035,4,2,3,8,205,ANCHOVETA,1,167000.0,ANIMAL
2018,90035,4,1,1,1,234,JUREL,1,166900.0,MIXTA_AH
2018,90035,4,1,1,2,234,JUREL,1,166900.0,MIXTA_AH
2021,28064,3,2,3,9,234,JUREL,1,166797.0,ANIMAL
2020,18478,1,2,3,8,205,ANCHOVETA,1,166614.0,ANIMAL
2020,90035,4,2,3,8,234,JUREL,1,166472.0,ANIMAL
2016,90035,4,2,3,7,234,JUREL,1,166410.0,MIXTA_AH
2020,28064,3,1,1,2,234,JUREL,1,165976.0,ANIMAL
2022,90035,4,2,3,7,205,ANCHOVETA,1,165556.0,ANIMAL
2022,90035,4,2,4,12,205,ANCHOVETA,1,165556.0,ANIMAL
2023,28064,3,1,1,2,205,ANCHOVETA,1,165534.0,ANIMAL
2022,15232,2,1,1,3,205,ANCHOVETA,1,165063.0,ANIMAL
2022,15232,2,1,1,3,234,JUREL,1,165063.0,ANIMAL
2012,2421,8,1,1,1,234,JUREL,,164000.0,ANIMAL
2021,17003,8,1,2,4,205,ANCHOVETA,1,163174.0,ANIMAL
2021,17003,8,1,2,4,276,SARDINA COMUN,1,163174.0,ANIMAL
2021,90099,8,1,2,5,205,ANCHOVETA,1,163174.0,ANIMAL
2021,90099,8,1,2,5,276,SARDINA COMUN,1,163174.0,ANIMAL
2020,18478,1,1,2,6,205,ANCHOVETA,1,163016.0,ANIMAL
2019,90099,8,1,2,6,205,ANCHOVETA,1,162996.0,ANIMAL
2019,90099,8,1,2,6,276,SARDINA COMUN,1,162996.0,ANIMAL
2022,90035,4,2,4,11,205,ANCHOVETA,1,162859.0,ANIMAL
2015,90035,4,2,3,9,234,JUREL,1,162380.0,MIXTA_AH
2020,17003,8,1,2,4,205,ANCHOVETA,1,162317.0,ANIMAL
2020,17003,8,1,2,4,276,SARDINA COMUN,1,162317.0,ANIMAL
2020,90099,8,1,2,4,205,ANCHOVETA,1,162317.0,ANIMAL
2020,90099,8,1,2,4,234,JUREL,1,162317.0,ANIMAL
2020,90099,8,1,2,4,276,SARDINA COMUN,1,162317.0,ANIMAL
2022,15232,2,1,1,1,205,ANCHOVETA,1,162288.0,ANIMAL
2022,15232,2,1,1,1,234,JUREL,1,162288.0,ANIMAL
2021,90073,8,2,4,12,205,ANCHOVETA,1,162192.0,MIXTA_AH
2012,13702,8,1,1,1,234,JUREL,,162000.0,ANIMAL
2012,14815,8,1,1,1,234,JUREL,,162000.0,MIXTA_AH
2012,90071,8,1,1,1,234,JUREL,,162000.0,HUMANO
2022,28064,3,1,2,6,205,ANCHOVETA,1,161782.0,ANIMAL
2022,28064,3,1,2,6,278,SARDINA ESPAÑOLA,1,161782.0,ANIMAL
2021,18478,1,2,4,11,205,ANCHOVETA,1,161513.0,ANIMAL
2021,15232,2,2,4,11,205,ANCHOVETA,1,161367.0,ANIMAL
2021,15232,2,2,4,11,234,JUREL,1,161367.0,ANIMAL
2018,90035,4,1,1,3,234,JUREL,1,161170.0,MIXTA_AH
2021,90073,8,2,4,11,205,ANCHOVETA,1,161025.0,MIXTA_AH
2021,90073,8,2,4,11,276,SARDINA COMUN,1,161025.0,MIXTA_AH
2021,18478,1,2,4,10,205,ANCHOVETA,1,161008.0,ANIMAL
2021,90035,4,1,2,4,234,JUREL,1,160280.0,ANIMAL
2023,13476,8,1,1,3,205,ANCHOVETA,1,160000.0,ANIMAL
2023,13476,8,1,2,4,205,ANCHOVETA,1,160000.0,ANIMAL
2023,13476,8,1,2,5,205,ANCHOVETA,1,160000.0,ANIMAL
2023,13476,8,1,2,6,205,ANCHOVETA,1,160000.0,ANIMAL
2023,13476,8,2,4,11,205,ANCHOVETA,1,160000.0,ANIMAL
2023,13476,8,2,4,12,205,ANCHOVETA,1,160000.0,ANIMAL
2023,13476,8,1,1,3,276,SARDINA COMUN,1,160000.0,ANIMAL
2023,13476,8,1,2,4,276,SARDINA COMUN,1,160000.0,ANIMAL
2023,13476,8,1,2,5,276,SARDINA COMUN,1,160000.0,ANIMAL
2023,13476,8,1,2,6,276,SARDINA COMUN,1,160000.0,ANIMAL
2015,90035,4,1,1,2,234,JUREL,1,159987.0,MIXTA_AH
2021,90035,4,2,3,7,234,JUREL,1,159470.0,ANIMAL
2021,28064,3,2,3,7,234,JUREL,1,159151.0,ANIMAL
2018,14837,14,2,4,12,205,ANCHOVETA,1,159033.0,ANIMAL
2018,14837,14,2,4,12,276,SARDINA COMUN,1,159033.0,ANIMAL
2019,90099,8,2,4,11,205,ANCHOVETA,1,157711.0,ANIMAL
2019,90099,8,2,4,12,205,ANCHOVETA,1,157711.0,ANIMAL
2019,90099,8,2,4,11,276,SARDINA COMUN,1,157711.0,ANIMAL
2019,90099,8,2,4,12,276,SARDINA COMUN,1,157711.0,ANIMAL
2021,28064,3,2,4,12,205,ANCHOVETA,1,157389.0,ANIMAL
2021,28064,3,2,4,12,278,SARDINA ESPAÑOLA,1,157389.0,ANIMAL
2021,15232,2,2,4,10,205,ANCHOVETA,1,156999.0,ANIMAL
2021,15232,2,2,4,10,234,JUREL,1,156999.0,ANIMAL
2021,90035,4,1,1,2,234,JUREL,1,156920.0,ANIMAL
2020,18478,1,2,4,12,205,ANCHOVETA,1,156578.0,ANIMAL
2014,90035,4,2,3,9,234,JUREL,1,156500.0,MIXTA_AH
2019,90099,8,1,2,4,205,ANCHOVETA,1,156103.0,ANIMAL
2019,90099,8,1,2,4,276,SARDINA COMUN,1,156103.0,ANIMAL
2016,28064,3,2,3,7,234,JUREL,1,156070.0,ANIMAL
2016,28064,3,2,3,8,234,JUREL,1,156070.0,ANIMAL
2022,28064,3,1,2,4,205,ANCHOVETA,1,156031.0,ANIMAL
2022,28064,3,1,2,4,278,SARDINA ESPAÑOLA,1,156031.0,ANIMAL
2017,90035,4,2,3,7,234,JUREL,1,156000.0,MIXTA_AH
2013,10985,8,2,4,12,234,JUREL,1,155964.0,HUMANO
2018,90099,8,1,2,6,205,ANCHOVETA,1,155509.0,ANIMAL
2018,90099,8,1,2,6,276,SARDINA COMUN,1,155508.0,ANIMAL
2016,90035,4,2,4,11,234,JUREL,1,155460.0,MIXTA_AH
2020,18478,1,1,2,4,205,ANCHOVETA,1,155444.0,ANIMAL
2019,14837,14,2,4,11,205,ANCHOVETA,1,155229.0,ANIMAL
2019,14837,14,2,4,11,276,SARDINA COMUN,1,155229.0,ANIMAL
2021,28064,3,1,1,3,234,JUREL,1,155096.0,ANIMAL
2018,90099,8,2,4,11,205,ANCHOVETA,1,155022.0,ANIMAL
2018,90099,8,2,4,11,276,SARDINA COMUN,1,155022.0,ANIMAL
2021,28064,3,1,1,1,234,JUREL,1,154934.0,ANIMAL
2021,28064,3,1,1,2,234,JUREL,1,154934.0,ANIMAL
2021,28064,3,1,2,4,234,JUREL,1,154373.0,ANIMAL
2017,90035,4,2,3,8,234,JUREL,1,154000.0,MIXTA_AH
2018,28064,3,1,1,3,234,JUREL,1,153434.0,ANIMAL
2022,28064,3,1,1,3,205,ANCHOVETA,1,153239.0,ANIMAL
2022,28064,3,1,1,3,278,SARDINA ESPAÑOLA,1,153239.0,ANIMAL
2016,28064,3,2,3,9,234,JUREL,1,153146.0,ANIMAL
2015,90035,4,2,4,12,234,JUREL,1,152960.0,MIXTA_AH
2020,28064,3,1,2,5,205,ANCHOVETA,1,152767.0,ANIMAL
2020,28064,3,1,1,3,205,ANCHOVETA,1,152641.0,ANIMAL
2020,28064,3,1,1,3,278,SARDINA ESPAÑOLA,1,152641.0,ANIMAL
2020,15232,2,1,1,3,205,ANCHOVETA,1,152343.0,ANIMAL
2020,28064,3,1,2,4,205,ANCHOVETA,1,152207.0,ANIMAL
2021,90035,4,1,2,6,234,JUREL,1,152150.0,ANIMAL
2015,90035,4,2,4,10,234,JUREL,1,151754.0,MIXTA_AH
2020,18478,1,2,4,10,205,ANCHOVETA,1,151259.0,ANIMAL
2015,28064,3,2,4,10,234,JUREL,1,151154.0,ANIMAL
2017,90035,4,2,3,9,234,JUREL,1,151000.0,MIXTA_AH
2021,90035,4,1,2,5,234,JUREL,1,151000.0,ANIMAL
2021,15232,2,2,3,9,205,ANCHOVETA,1,150951.0,ANIMAL
2016,28064,3,1,2,6,234,JUREL,1,150849.0,ANIMAL
2020,15232,2,1,2,4,205,ANCHOVETA,1,150699.0,ANIMAL
2020,15232,2,1,2,4,234,JUREL,1,150699.0,ANIMAL
2020,90035,4,2,4,12,234,JUREL,1,150186.0,ANIMAL
2016,28064,3,1,2,4,234,JUREL,1,150075.0,ANIMAL
2016,28064,3,1,2,5,234,JUREL,1,150075.0,ANIMAL
2012,1916,8,2,3,9,276,SARDINA COMUN,,150000.0,ANIMAL
2012,15300,2,1,1,1,234,JUREL,,150000.0,HUMANO
2012,15300,2,1,1,2,234,JUREL,,150000.0,HUMANO
2012,15300,2,1,1,3,234,JUREL,,150000.0,HUMANO
2012,15300,2,1,2,6,234,JUREL,,150000.0,HUMANO
2012,15300,2,2,3,7,234,JUREL,,150000.0,HUMANO
2012,15300,2,2,3,8,234,JUREL,,150000.0,HUMANO
2012,15300,2,2,3,9,234,JUREL,,150000.0,HUMANO
2012,15300,2,2,4,10,234,JUREL,,150000.0,HUMANO
2012,15300,2,2,4,11,234,JUREL,,150000.0,HUMANO
2012,90073,8,2,4,11,234,JUREL,,150000.0,MIXTA_AH
2012,90073,8,2,4,12,234,JUREL,,150000.0,MIXTA_AH
2013,10951,8,1,1,1,234,JUREL,1,150000.0,MIXTA_AH
2013,10951,8,1,1,2,234,JUREL,1,150000.0,MIXTA_AH
2013,15300,2,1,1,1,234,JUREL,1,150000.0,HUMANO
2013,15300,2,1,1,2,234,JUREL,1,150000.0,HUMANO
2013,15300,2,1,1,3,234,JUREL,1,150000.0,HUMANO
2013,15300,2,1,2,4,234,JUREL,1,150000.0,HUMANO
2013,15300,2,1,2,5,234,JUREL,1,150000.0,HUMANO
2013,15300,2,1,2,6,234,JUREL,1,150000.0,HUMANO
2013,15300,2,2,3,9,234,JUREL,1,150000.0,HUMANO
2013,15300,2,2,4,10,234,JUREL,1,150000.0,HUMANO
2013,15300,2,2,4,11,234,JUREL,1,150000.0,HUMANO
2014,15300,2,1,2,5,234,JUREL,1,150000.0,HUMANO
2014,15300,2,2,3,7,234,JUREL,1,150000.0,HUMANO
2015,15300,2,2,3,8,234,JUREL,1,150000.0,HUMANO
2013,90099,8,1,1,2,276,SARDINA COMUN,1,149998.0,ANIMAL
2019,28064,3,1,2,6,234,JUREL,1,149996.0,ANIMAL
2020,14837,14,1,2,5,205,ANCHOVETA,1,149787.0,ANIMAL
2020,14837,14,1,2,5,276,SARDINA COMUN,1,149787.0,ANIMAL
2019,17003,8,2,4,12,205,ANCHOVETA,1,149749.0,ANIMAL
2019,14837,14,2,4,12,205,ANCHOVETA,1,149748.0,ANIMAL
2019,14837,14,2,4,12,276,SARDINA COMUN,1,149748.0,ANIMAL
2019,17003,8,2,4,12,276,SARDINA COMUN,1,149748.0,ANIMAL
2015,28064,3,2,4,12,234,JUREL,1,149615.0,ANIMAL
2015,90035,4,1,1,3,234,JUREL,1,149555.0,MIXTA_AH
2016,28064,3,1,1,3,234,JUREL,1,149173.0,ANIMAL
2016,28064,3,2,4,10,234,JUREL,1,149032.0,ANIMAL
2017,90035,4,2,4,10,234,JUREL,1,149000.0,MIXTA_AH
2023,90035,4,1,1,1,205,ANCHOVETA,1,148850.0,ANIMAL
2020,28064,3,1,2,6,205,ANCHOVETA,1,148406.0,ANIMAL
2021,28064,3,1,2,5,234,JUREL,1,148263.0,ANIMAL
2015,28064,3,2,4,11,234,JUREL,1,148078.0,ANIMAL
2015,28064,3,2,3,9,234,JUREL,1,148031.0,ANIMAL
2020,90035,4,1,1,1,234,JUREL,1,147652.0,ANIMAL
2020,90035,4,1,1,2,234,JUREL,1,147652.0,ANIMAL
2020,90035,4,1,1,3,234,JUREL,1,147652.0,ANIMAL
2020,28064,3,2,3,7,205,ANCHOVETA,1,147496.0,ANIMAL
2020,28064,3,2,3,7,278,SARDINA ESPAÑOLA,1,147496.0,ANIMAL
2022,90035,4,1,2,6,205,ANCHOVETA,1,147360.0,ANIMAL
2020,10951,8,1,2,6,276,SARDINA COMUN,1,147000.0,MIXTA_AH
2018,17003,8,1,2,4,205,ANCHOVETA,1,146955.0,ANIMAL
2018,17003,8,1,2,4,276,SARDINA COMUN,1,146955.0,ANIMAL
2018,90099,8,1,2,4,205,ANCHOVETA,1,146955.0,ANIMAL
2018,90099,8,1,2,4,276,SARDINA COMUN,1,146955.0,ANIMAL
2018,90099,8,1,2,5,205,ANCHOVETA,1,146284.0,ANIMAL
2018,90099,8,1,2,5,276,SARDINA COMUN,1,146284.0,ANIMAL
2020,14837,14,1,2,6,205,ANCHOVETA,1,146279.0,ANIMAL
2020,14837,14,1,2,6,276,SARDINA COMUN,1,146279.0,ANIMAL
2021,28064,3,2,4,11,205,ANCHOVETA,1,145971.0,ANIMAL
2021,28064,3,2,4,11,278,SARDINA ESPAÑOLA,1,145971.0,ANIMAL
2019,90099,8,1,1,3,205,ANCHOVETA,1,145888.0,ANIMAL
2019,90099,8,1,1,3,276,SARDINA COMUN,1,145884.0,ANIMAL
2023,90035,4,1,2,5,205,ANCHOVETA,1,145860.0,ANIMAL
2021,28064,3,2,4,10,278,SARDINA ESPAÑOLA,1,145852.0,ANIMAL
2023,90035,4,1,1,3,205,ANCHOVETA,1,145520.0,ANIMAL
2020,14837,14,1,2,4,205,ANCHOVETA,1,145413.0,ANIMAL
2020,14837,14,1,2,4,276,SARDINA COMUN,1,145413.0,ANIMAL
2023,90035,4,1,2,6,205,ANCHOVETA,1,145390.0,ANIMAL
2014,90035,4,2,3,8,234,JUREL,1,145350.0,MIXTA_AH
2013,14815,8,2,4,12,205,ANCHOVETA,1,145246.0,MIXTA_AH
2013,14815,8,2,4,12,234,JUREL,1,145246.0,MIXTA_AH
2013,14815,8,2,4,12,276,SARDINA COMUN,1,145246.0,MIXTA_AH
2020,15232,2,1,2,5,205,ANCHOVETA,1,145016.0,ANIMAL
2020,15232,2,1,2,5,234,JUREL,1,145016.0,ANIMAL
2018,28064,3,2,4,11,234,JUREL,1,144930.0,ANIMAL
2015,90035,4,2,3,8,234,JUREL,1,144220.0,MIXTA_AH
2021,90073,8,2,3,7,205,ANCHOVETA,1,144209.0,MIXTA_AH
2021,90073,8,2,3,7,276,SARDINA COMUN,1,144209.0,MIXTA_AH
2015,28064,3,2,3,8,234,JUREL,1,144185.0,ANIMAL
2019,90035,4,1,1,1,234,JUREL,1,144130.0,ANIMAL
2021,15232,2,2,3,8,205,ANCHOVETA,1,144117.0,ANIMAL
2021,90099,8,1,1,3,205,ANCHOVETA,1,143975.0,ANIMAL
2021,90099,8,1,1,3,276,SARDINA COMUN,1,143975.0,ANIMAL
2016,28064,3,1,1,1,205,ANCHOVETA,1,143944.0,ANIMAL
2019,90035,4,2,4,12,234,JUREL,1,143940.0,ANIMAL
2018,14815,8,2,4,12,276,SARDINA COMUN,1,143477.0,MIXTA_AH
2014,90035,4,2,4,10,234,JUREL,1,143220.0,MIXTA_AH
2020,28064,3,1,1,1,234,JUREL,1,142297.0,ANIMAL
2021,18478,1,2,3,7,205,ANCHOVETA,1,142236.0,ANIMAL
2021,15232,2,1,2,5,205,ANCHOVETA,1,142031.0,ANIMAL
2021,15232,2,1,2,5,234,JUREL,1,142031.0,ANIMAL
2019,28064,3,1,2,5,234,JUREL,1,142013.0,ANIMAL
2020,15232,2,1,2,6,205,ANCHOVETA,1,141661.0,ANIMAL
2020,15232,2,1,2,6,234,JUREL,1,141661.0,ANIMAL
2019,28064,3,2,3,7,234,JUREL,1,141411.0,ANIMAL
2021,15232,2,2,3,7,205,ANCHOVETA,1,141339.0,ANIMAL
2021,15232,2,2,3,7,234,JUREL,1,141339.0,ANIMAL
2019,28064,3,2,4,12,234,JUREL,1,140696.0,ANIMAL
2019,14837,14,1,1,3,205,ANCHOVETA,1,140456.0,ANIMAL
2019,14837,14,1,1,3,276,SARDINA COMUN,1,140456.0,ANIMAL
2020,28064,3,1,1,2,205,ANCHOVETA,1,140441.0,ANIMAL
2015,90035,4,2,3,7,234,JUREL,1,140225.0,MIXTA_AH
2014,90035,4,2,3,7,234,JUREL,1,140190.0,MIXTA_AH
2020,15232,2,1,1,1,234,JUREL,1,140014.0,ANIMAL
2012,1492,3,1,2,6,234,JUREL,,140000.0,HUMANO
2012,10985,8,2,3,7,234,JUREL,,140000.0,HUMANO
2012,90073,8,2,3,7,234,JUREL,,140000.0,MIXTA_AH
2012,90073,8,2,3,8,234,JUREL,,140000.0,MIXTA_AH
2012,90073,8,2,3,9,234,JUREL,,140000.0,MIXTA_AH
2012,90073,8,2,4,10,234,JUREL,,140000.0,MIXTA_AH
2022,13476,8,1,1,3,205,ANCHOVETA,1,140000.0,ANIMAL
2022,13476,8,1,2,4,205,ANCHOVETA,1,140000.0,ANIMAL
2022,13476,8,1,2,5,205,ANCHOVETA,1,140000.0,ANIMAL
2022,13476,8,1,2,6,205,ANCHOVETA,1,140000.0,ANIMAL
2022,13476,8,2,4,11,205,ANCHOVETA,1,140000.0,ANIMAL
2022,13476,8,2,4,12,205,ANCHOVETA,1,140000.0,ANIMAL
2022,13476,8,2,4,11,276,SARDINA COMUN,1,140000.0,ANIMAL
2022,13476,8,2,4,12,276,SARDINA COMUN,1,140000.0,ANIMAL
2013,90099,8,1,2,6,276,SARDINA COMUN,1,139995.0,ANIMAL
2019,14837,14,1,2,4,276,SARDINA COMUN,1,139862.0,ANIMAL
2018,90099,8,2,4,10,205,ANCHOVETA,1,139712.0,ANIMAL
2018,90099,8,2,4,10,276,SARDINA COMUN,1,139712.0,ANIMAL
2020,18478,1,1,1,3,205,ANCHOVETA,1,139284.0,ANIMAL
2015,90035,4,1,2,4,205,ANCHOVETA,1,139260.0,MIXTA_AH
2019,14837,14,1,2,4,205,ANCHOVETA,1,139136.0,ANIMAL
2023,90035,4,1,2,4,205,ANCHOVETA,1,138390.0,ANIMAL
2021,90035,4,1,1,1,234,JUREL,1,138200.0,ANIMAL
2015,28064,3,2,3,7,234,JUREL,1,138180.0,ANIMAL
2018,28064,3,2,4,12,234,JUREL,1,137501.0,ANIMAL
2018,28064,3,1,2,4,234,JUREL,1,136516.0,ANIMAL
2015,14837,14,2,4,12,205,ANCHOVETA,1,136479.0,ANIMAL
2015,14837,14,2,4,12,276,SARDINA COMUN,1,136479.0,ANIMAL
2015,90099,8,2,4,12,276,SARDINA COMUN,1,136341.0,ANIMAL
2019,90035,4,1,1,2,234,JUREL,1,136280.0,ANIMAL
2018,14837,14,2,4,11,205,ANCHOVETA,1,136231.0,ANIMAL
2018,14837,14,2,4,11,276,SARDINA COMUN,1,136231.0,ANIMAL
2021,28064,3,1,2,6,205,ANCHOVETA,1,136158.0,ANIMAL
2021,28064,3,1,2,6,278,SARDINA ESPAÑOLA,1,136158.0,ANIMAL
2020,17003,8,1,1,3,205,ANCHOVETA,1,135960.0,ANIMAL
2020,17003,8,1,1,3,276,SARDINA COMUN,1,135960.0,ANIMAL
2020,90099,8,1,1,3,205,ANCHOVETA,1,135960.0,ANIMAL
2020,90099,8,1,1,3,234,JUREL,1,135960.0,ANIMAL
2020,90099,8,1,1,3,276,SARDINA COMUN,1,135960.0,ANIMAL
2019,90035,4,1,2,4,234,JUREL,1,135900.0,ANIMAL
2021,28064,3,2,3,8,205,ANCHOVETA,1,135692.0,ANIMAL
2020,18478,1,2,4,11,205,ANCHOVETA,1,135534.0,ANIMAL
2019,14837,14,1,2,6,205,ANCHOVETA,1,135151.0,ANIMAL
2019,14837,14,1,2,6,276,SARDINA COMUN,1,135151.0,ANIMAL
2021,15232,2,1,2,6,205,ANCHOVETA,1,135130.0,ANIMAL
2021,15232,2,1,2,6,234,JUREL,1,135130.0,ANIMAL
2019,90035,4,1,1,3,234,JUREL,1,135030.0,ANIMAL
2019,14837,14,1,2,5,276,SARDINA COMUN,1,134862.0,ANIMAL
2019,14837,14,1,2,5,205,ANCHOVETA,1,134852.0,ANIMAL
2022,90035,4,1,2,5,205,ANCHOVETA,1,134820.0,ANIMAL
2021,28064,3,2,3,7,205,ANCHOVETA,1,134667.0,ANIMAL
2021,28064,3,2,3,7,278,SARDINA ESPAÑOLA,1,134667.0,ANIMAL
2019,28064,3,1,2,4,234,JUREL,1,134583.0,ANIMAL
2020,14837,14,1,1,3,205,ANCHOVETA,1,134485.0,ANIMAL
2020,14837,14,1,1,3,276,SARDINA COMUN,1,134485.0,ANIMAL
2016,28064,3,2,4,11,234,JUREL,1,133849.0,ANIMAL
2018,14815,8,1,2,6,276,SARDINA COMUN,1,133372.0,MIXTA_AH
2016,14815,8,2,3,7,276,SARDINA COMUN,1,133217.0,MIXTA_AH
2019,90035,4,1,2,5,234,JUREL,1,132990.0,ANIMAL
2015,90035,4,1,1,1,205,ANCHOVETA,1,132883.0,MIXTA_AH
2018,28064,3,2,3,8,234,JUREL,1,132868.0,ANIMAL
2023,90035,4,1,1,2,205,ANCHOVETA,1,132110.0,ANIMAL
2016,28064,3,2,3,7,205,ANCHOVETA,1,132059.0,ANIMAL
2015,28064,3,1,1,3,205,ANCHOVETA,1,131507.0,ANIMAL
2021,15232,2,1,1,3,205,ANCHOVETA,1,131326.0,ANIMAL
2021,15232,2,1,1,3,234,JUREL,1,131326.0,ANIMAL
2021,28064,3,1,1,3,205,ANCHOVETA,1,131235.0,ANIMAL
2021,28064,3,1,1,3,278,SARDINA ESPAÑOLA,1,131235.0,ANIMAL
2021,28064,3,1,1,2,205,ANCHOVETA,1,131098.0,ANIMAL
2021,28064,3,1,1,2,278,SARDINA ESPAÑOLA,1,131098.0,ANIMAL
2018,17003,8,1,1,3,205,ANCHOVETA,1,131071.0,ANIMAL
2018,17003,8,1,1,3,276,SARDINA COMUN,1,131071.0,ANIMAL
2018,90099,8,1,1,3,205,ANCHOVETA,1,131071.0,ANIMAL
2018,90099,8,1,1,3,276,SARDINA COMUN,1,131071.0,ANIMAL
2014,90035,4,2,4,11,234,JUREL,1,130920.0,MIXTA_AH
2019,28064,3,1,1,2,234,JUREL,1,130885.0,ANIMAL
2020,90035,4,1,2,5,205,ANCHOVETA,1,130870.0,ANIMAL
2020,15232,2,2,4,11,234,JUREL,1,130718.0,ANIMAL
2021,28064,3,1,2,4,205,ANCHOVETA,1,130623.0,ANIMAL
2021,15232,2,1,2,4,205,ANCHOVETA,1,130361.0,ANIMAL
2021,15232,2,1,2,4,234,JUREL,1,130361.0,ANIMAL
2017,17003,8,1,2,4,205,ANCHOVETA,1,130349.0,ANIMAL
2017,17003,8,1,2,4,276,SARDINA COMUN,1,130349.0,ANIMAL
2017,90099,8,1,2,4,205,ANCHOVETA,1,130349.0,ANIMAL
2017,90099,8,1,2,4,276,SARDINA COMUN,1,130349.0,ANIMAL
2014,1688,10,2,4,12,276,SARDINA COMUN,1,130250.0,ANIMAL
2017,28064,3,1,1,2,234,JUREL,1,130220.0,ANIMAL
2021,15232,2,1,1,2,205,ANCHOVETA,1,130131.0,ANIMAL
2021,15232,2,1,1,2,234,JUREL,1,130131.0,ANIMAL
2017,90099,8,1,2,6,205,ANCHOVETA,1,130108.0,ANIMAL
2017,90099,8,1,2,6,276,SARDINA COMUN,1,130108.0,ANIMAL
2012,15300,2,1,1,2,278,SARDINA ESPAÑOLA,,130000.0,HUMANO
2012,15300,2,1,1,3,278,SARDINA ESPAÑOLA,,130000.0,HUMANO
2012,15300,2,1,2,4,278,SARDINA ESPAÑOLA,,130000.0,HUMANO
2012,15300,2,1,2,5,278,SARDINA ESPAÑOLA,,130000.0,HUMANO
2012,15300,2,1,2,6,278,SARDINA ESPAÑOLA,,130000.0,HUMANO
2012,15300,2,2,3,7,278,SARDINA ESPAÑOLA,,130000.0,HUMANO
2012,15300,2,2,3,8,278,SARDINA ESPAÑOLA,,130000.0,HUMANO
2012,15300,2,2,3,9,278,SARDINA ESPAÑOLA,,130000.0,HUMANO
2012,15300,2,2,4,10,278,SARDINA ESPAÑOLA,,130000.0,HUMANO
2012,15300,2,2,4,11,278,SARDINA ESPAÑOLA,,130000.0,HUMANO
2012,15300,2,2,4,12,278,SARDINA ESPAÑOLA,,130000.0,HUMANO
2013,15300,2,1,1,1,278,SARDINA ESPAÑOLA,1,130000.0,HUMANO
2013,15300,2,1,1,3,278,SARDINA ESPAÑOLA,1,130000.0,HUMANO
2013,15300,2,1,2,4,278,SARDINA ESPAÑOLA,1,130000.0,HUMANO
2013,15300,2,1,2,5,278,SARDINA ESPAÑOLA,1,130000.0,HUMANO
2013,15300,2,2,3,8,278,SARDINA ESPAÑOLA,1,130000.0,HUMANO
2013,15300,2,2,3,9,278,SARDINA ESPAÑOLA,1,130000.0,HUMANO
2014,15300,2,1,2,4,234,JUREL,1,130000.0,HUMANO
2014,15300,2,1,2,4,276,SARDINA COMUN,1,130000.0,HUMANO
2014,15300,2,2,3,9,278,SARDINA ESPAÑOLA,1,130000.0,HUMANO
2014,15300,2,2,4,10,278,SARDINA ESPAÑOLA,1,130000.0,HUMANO
2014,15300,2,2,4,11,278,SARDINA ESPAÑOLA,1,130000.0,HUMANO
2014,15300,2,2,4,12,278,SARDINA ESPAÑOLA,1,130000.0,HUMANO
2015,15300,2,1,1,2,278,SARDINA ESPAÑOLA,1,130000.0,HUMANO
2015,15300,2,2,3,8,278,SARDINA ESPAÑOLA,1,130000.0,HUMANO
2015,15300,2,2,3,9,278,SARDINA ESPAÑOLA,1,130000.0,HUMANO
2015,15300,2,2,4,10,278,SARDINA ESPAÑOLA,1,130000.0,HUMANO
2016,15219,8,1,1,1,205,ANCHOVETA,1,130000.0,MIXTA_AH
2016,15219,8,1,1,3,205,ANCHOVETA,1,130000.0,MIXTA_AH
2016,15219,8,1,2,4,205,ANCHOVETA,1,130000.0,MIXTA_AH
2016,15219,8,1,2,5,205,ANCHOVETA,1,130000.0,MIXTA_AH
2016,15300,2,1,1,1,278,SARDINA ESPAÑOLA,1,130000.0,HUMANO
2016,15300,2,1,2,4,278,SARDINA ESPAÑOLA,1,130000.0,HUMANO
2016,15300,2,1,2,5,278,SARDINA ESPAÑOLA,1,130000.0,HUMANO
2016,15300,2,1,2,6,278,SARDINA ESPAÑOLA,1,130000.0,HUMANO
2020,10951,8,1,1,3,276,SARDINA COMUN,1,130000.0,MIXTA_AH
2020,10951,8,1,2,4,276,SARDINA COMUN,1,130000.0,MIXTA_AH
2020,10951,8,1,2,5,276,SARDINA COMUN,1,130000.0,MIXTA_AH
2020,13476,8,1,1,3,276,SARDINA COMUN,1,130000.0,ANIMAL
2020,13476,8,1,2,4,276,SARDINA COMUN,1,130000.0,ANIMAL
2020,13476,8,1,2,5,276,SARDINA COMUN,1,130000.0,ANIMAL
2020,13476,8,1,2,6,276,SARDINA COMUN,1,130000.0,ANIMAL
2020,13476,8,2,3,7,276,SARDINA COMUN,1,130000.0,ANIMAL
2020,13476,8,2,4,11,276,SARDINA COMUN,1,130000.0,ANIMAL
2020,13476,8,2,4,12,276,SARDINA COMUN,1,130000.0,ANIMAL
2021,13476,8,1,1,3,276,SARDINA COMUN,1,130000.0,ANIMAL
2021,13476,8,1,2,4,276,SARDINA COMUN,1,130000.0,ANIMAL
2021,13476,8,1,2,5,276,SARDINA COMUN,1,130000.0,ANIMAL
2021,13476,8,1,2,6,276,SARDINA COMUN,1,130000.0,ANIMAL
2021,13476,8,2,4,11,276,SARDINA COMUN,1,130000.0,ANIMAL
2018,28064,3,1,1,3,205,ANCHOVETA,1,129829.0,ANIMAL
2015,90099,8,2,4,10,276,SARDINA COMUN,1,129712.0,ANIMAL
2015,90099,8,2,4,11,276,SARDINA COMUN,1,129712.0,ANIMAL
2015,1688,10,2,4,11,276,SARDINA COMUN,1,129699.0,ANIMAL
2020,90035,4,1,2,4,205,ANCHOVETA,1,129670.0,ANIMAL
2015,14837,14,2,4,11,205,ANCHOVETA,1,129496.0,ANIMAL
2015,14837,14,2,4,11,276,SARDINA COMUN,1,129496.0,ANIMAL
2018,14815,8,1,2,4,276,SARDINA COMUN,1,129477.0,MIXTA_AH
2018,28064,3,1,2,5,234,JUREL,1,128848.0,ANIMAL
2017,28064,3,1,2,4,234,JUREL,1,128788.0,ANIMAL
2015,2421,8,1,1,3,276,SARDINA COMUN,1,128758.0,ANIMAL
2015,14815,8,1,1,3,276,SARDINA COMUN,1,128758.0,MIXTA_AH
2015,18478,1,1,1,3,205,ANCHOVETA,1,128574.0,ANIMAL
2015,28064,3,2,4,10,205,ANCHOVETA,1,127899.0,ANIMAL
2021,15232,2,1,1,1,205,ANCHOVETA,1,127714.0,ANIMAL
2021,15232,2,1,1,1,234,JUREL,1,127714.0,ANIMAL
2016,28064,3,1,2,6,205,ANCHOVETA,1,127641.0,ANIMAL
2019,28064,3,1,1,3,234,JUREL,1,127579.0,ANIMAL
2020,28064,3,2,4,10,205,ANCHOVETA,1,127365.0,ANIMAL
2020,28064,3,2,4,10,278,SARDINA ESPAÑOLA,1,127365.0,ANIMAL
2014,14837,14,2,4,12,276,SARDINA COMUN,1,127349.0,ANIMAL
2014,90099,8,2,4,12,276,SARDINA COMUN,1,127349.0,ANIMAL
2015,2332,8,1,1,3,276,SARDINA COMUN,1,127316.0,ANIMAL
2016,14815,8,2,4,10,276,SARDINA COMUN,1,127136.0,MIXTA_AH
2016,14815,8,2,4,11,276,SARDINA COMUN,1,127136.0,MIXTA_AH
2020,15232,2,2,4,10,205,ANCHOVETA,1,127062.0,ANIMAL
2020,15232,2,2,4,10,234,JUREL,1,127062.0,ANIMAL
2020,15232,2,2,4,10,278,SARDINA ESPAÑOLA,1,127062.0,ANIMAL
2016,28064,3,1,2,4,205,ANCHOVETA,1,126986.0,ANIMAL
2016,28064,3,1,2,5,205,ANCHOVETA,1,126986.0,ANIMAL
2017,90099,8,2,3,7,276,SARDINA COMUN,1,126944.0,ANIMAL
2019,28064,3,1,2,6,205,ANCHOVETA,1,126919.0,ANIMAL
2019,28064,3,1,2,6,278,SARDINA ESPAÑOLA,1,126919.0,ANIMAL
2015,14837,14,2,4,10,205,ANCHOVETA,1,126881.0,ANIMAL
2015,14837,14,2,4,10,276,SARDINA COMUN,1,126881.0,ANIMAL
2018,28064,3,1,2,6,234,JUREL,1,126772.0,ANIMAL
2015,28064,3,2,4,12,205,ANCHOVETA,1,126597.0,ANIMAL
2019,15232,2,1,2,5,205,ANCHOVETA,1,126487.0,ANIMAL
2019,15232,2,1,2,5,234,JUREL,1,126487.0,ANIMAL
2022,90035,4,1,1,3,205,ANCHOVETA,1,126460.0,ANIMAL
2018,14837,14,2,4,10,205,ANCHOVETA,1,126346.0,ANIMAL
2018,14837,14,2,4,10,276,SARDINA COMUN,1,126346.0,ANIMAL
2019,15232,2,2,3,8,205,ANCHOVETA,1,126333.0,ANIMAL
2016,28064,3,1,1,3,205,ANCHOVETA,1,126223.0,ANIMAL
2020,15232,2,2,3,8,205,ANCHOVETA,1,126044.0,ANIMAL
2020,15232,2,2,3,8,278,SARDINA ESPAÑOLA,1,126044.0,ANIMAL
2015,90035,4,1,2,5,205,ANCHOVETA,1,125900.0,MIXTA_AH
2020,90035,4,1,2,6,205,ANCHOVETA,1,125630.0,ANIMAL
2017,28064,3,1,1,3,234,JUREL,1,125602.0,ANIMAL
2021,28064,3,1,2,5,205,ANCHOVETA,1,125453.0,ANIMAL
2021,28064,3,1,2,5,278,SARDINA ESPAÑOLA,1,125453.0,ANIMAL
2015,28064,3,2,4,11,205,ANCHOVETA,1,125297.0,ANIMAL
2015,28064,3,2,3,9,205,ANCHOVETA,1,125257.0,ANIMAL
2022,90035,4,1,2,4,205,ANCHOVETA,1,124870.0,ANIMAL
2018,14815,8,1,1,3,276,SARDINA COMUN,1,124603.0,MIXTA_AH
2015,28064,3,1,2,4,205,ANCHOVETA,1,124479.0,ANIMAL
2020,14837,14,1,1,2,205,ANCHOVETA,1,124176.0,ANIMAL
2020,14837,14,1,1,2,276,SARDINA COMUN,1,124176.0,ANIMAL
2015,14837,14,2,3,8,276,SARDINA COMUN,1,124018.0,ANIMAL
2020,90035,4,2,3,7,205,ANCHOVETA,1,124011.0,ANIMAL
2020,15232,2,2,3,7,205,ANCHOVETA,1,122984.0,ANIMAL
2020,15232,2,2,3,7,278,SARDINA ESPAÑOLA,1,122894.0,ANIMAL
2015,2421,8,1,2,4,276,SARDINA COMUN,1,122265.0,ANIMAL
2015,14815,8,1,2,4,276,SARDINA COMUN,1,122265.0,MIXTA_AH
2015,28064,3,1,2,6,205,ANCHOVETA,1,122255.0,ANIMAL
2015,90035,4,1,2,6,205,ANCHOVETA,1,122190.0,MIXTA_AH
2017,28064,3,1,2,6,234,JUREL,1,122029.0,ANIMAL
2015,28064,3,2,3,8,205,ANCHOVETA,1,122002.0,ANIMAL
2019,15232,2,2,3,7,205,ANCHOVETA,1,121937.0,ANIMAL
2015,14815,8,1,2,6,276,SARDINA COMUN,1,121867.0,MIXTA_AH
2018,90035,4,1,2,5,234,JUREL,1,121530.0,MIXTA_AH
2016,1688,10,1,1,3,205,ANCHOVETA,1,121408.0,ANIMAL
2016,1688,10,1,1,3,276,SARDINA COMUN,1,121408.0,ANIMAL
2016,2332,8,1,1,3,205,ANCHOVETA,1,121408.0,ANIMAL
2016,2332,8,1,1,3,276,SARDINA COMUN,1,121408.0,ANIMAL
2013,14837,14,1,2,6,205,ANCHOVETA,1,121400.0,HUMANO
2013,14837,14,1,2,6,276,SARDINA COMUN,1,121400.0,HUMANO
2018,90158,1,2,4,10,205,ANCHOVETA,1,121251.0,MIXTA_AH
2020,15232,2,2,4,12,205,ANCHOVETA,1,121119.0,ANIMAL
2019,15232,2,1,2,6,205,ANCHOVETA,1,121025.0,ANIMAL
2015,2421,8,1,2,5,276,SARDINA COMUN,1,121011.0,ANIMAL
2015,14815,8,1,2,5,276,SARDINA COMUN,1,121011.0,MIXTA_AH
2014,1688,10,2,4,11,276,SARDINA COMUN,1,120656.0,ANIMAL
2019,15232,2,1,2,4,205,ANCHOVETA,1,120600.0,ANIMAL
2019,15232,2,1,2,4,234,JUREL,1,120600.0,ANIMAL
2019,28064,3,2,3,8,205,ANCHOVETA,1,120425.0,ANIMAL
2019,28064,3,2,3,8,278,SARDINA ESPAÑOLA,1,120425.0,ANIMAL
2016,14815,8,2,4,12,276,SARDINA COMUN,1,120423.0,MIXTA_AH
2020,28064,3,1,1,1,205,ANCHOVETA,1,120405.0,ANIMAL
2020,28064,3,1,1,1,278,SARDINA ESPAÑOLA,1,120405.0,ANIMAL
2019,15232,2,2,4,11,205,ANCHOVETA,1,120397.0,ANIMAL
2019,15232,2,2,4,11,234,JUREL,1,120397.0,ANIMAL
2015,90099,8,2,3,7,276,SARDINA COMUN,1,120360.0,ANIMAL
2021,28064,3,1,1,1,205,ANCHOVETA,1,120171.0,ANIMAL
2019,28064,3,1,2,5,205,ANCHOVETA,1,120164.0,ANIMAL
2019,28064,3,1,2,5,278,SARDINA ESPAÑOLA,1,120164.0,ANIMAL
2015,28064,3,1,2,5,205,ANCHOVETA,1,120150.0,ANIMAL
2015,2332,8,2,4,11,276,SARDINA COMUN,1,120014.0,ANIMAL
2016,10951,8,1,1,2,276,SARDINA COMUN,1,120000.0,MIXTA_AH
2016,10951,8,1,1,3,276,SARDINA COMUN,1,120000.0,MIXTA_AH
2016,10951,8,1,2,4,276,SARDINA COMUN,1,120000.0,MIXTA_AH
2016,10951,8,1,2,5,276,SARDINA COMUN,1,120000.0,MIXTA_AH
2016,10951,8,1,2,6,276,SARDINA COMUN,1,120000.0,MIXTA_AH
2016,10951,8,2,3,7,276,SARDINA COMUN,1,120000.0,MIXTA_AH
2016,10951,8,2,4,10,276,SARDINA COMUN,1,120000.0,MIXTA_AH
2016,10951,8,2,4,11,276,SARDINA COMUN,1,120000.0,MIXTA_AH
2016,10951,8,2,4,12,276,SARDINA COMUN,1,120000.0,MIXTA_AH
2016,15219,8,2,3,7,276,SARDINA COMUN,1,120000.0,MIXTA_AH
2016,15219,8,2,4,11,276,SARDINA COMUN,1,120000.0,MIXTA_AH
2016,15219,8,2,4,12,276,SARDINA COMUN,1,120000.0,MIXTA_AH
2017,10452,5,1,2,5,234,JUREL,1,120000.0,ANIMAL
2018,10951,8,1,1,2,276,SARDINA COMUN,1,120000.0,MIXTA_AH
2018,10951,8,1,1,3,276,SARDINA COMUN,1,120000.0,MIXTA_AH
2018,10951,8,1,2,4,276,SARDINA COMUN,1,120000.0,MIXTA_AH
2018,10951,8,1,2,5,276,SARDINA COMUN,1,120000.0,MIXTA_AH
2018,10951,8,1,2,6,276,SARDINA COMUN,1,120000.0,MIXTA_AH
2018,10951,8,2,4,10,276,SARDINA COMUN,1,120000.0,MIXTA_AH
2018,10951,8,2,4,11,276,SARDINA COMUN,1,120000.0,MIXTA_AH
2018,10951,8,2,4,12,276,SARDINA COMUN,1,120000.0,MIXTA_AH
2018,15219,8,1,2,4,276,SARDINA COMUN,1,120000.0,MIXTA_AH
2019,13476,8,1,1,3,276,SARDINA COMUN,1,120000.0,ANIMAL
2019,13476,8,1,2,4,276,SARDINA COMUN,1,120000.0,ANIMAL
2019,13476,8,1,2,5,276,SARDINA COMUN,1,120000.0,ANIMAL
2019,13476,8,1,2,6,276,SARDINA COMUN,1,120000.0,ANIMAL
2019,13476,8,2,3,7,276,SARDINA COMUN,1,120000.0,ANIMAL
2020,10452,5,1,1,2,234,JUREL,1,120000.0,ANIMAL
2020,10452,5,1,1,3,234,JUREL,1,120000.0,ANIMAL
2020,10452,5,1,2,4,234,JUREL,1,120000.0,ANIMAL
2014,14815,8,2,4,11,205,ANCHOVETA,1,119994.0,MIXTA_AH
2014,14815,8,2,4,11,276,SARDINA COMUN,1,119994.0,MIXTA_AH
2014,14837,14,2,4,11,205,ANCHOVETA,1,119784.0,ANIMAL
2014,14837,14,2,4,11,276,SARDINA COMUN,1,119784.0,ANIMAL
2014,90099,8,2,4,11,276,SARDINA COMUN,1,119784.0,ANIMAL
2013,28064,3,1,2,6,234,JUREL,1,119748.0,ANIMAL
2019,28064,3,2,3,7,205,ANCHOVETA,1,119655.0,ANIMAL
2019,28064,3,2,3,7,278,SARDINA ESPAÑOLA,1,119655.0,ANIMAL
2020,28064,3,2,3,8,205,ANCHOVETA,1,119505.0,ANIMAL
2020,28064,3,2,3,8,278,SARDINA ESPAÑOLA,1,119505.0,ANIMAL
2015,14837,14,2,3,7,205,ANCHOVETA,1,119323.0,ANIMAL
2015,14837,14,2,3,7,276,SARDINA COMUN,1,119323.0,ANIMAL
2013,90099,8,1,2,5,276,SARDINA COMUN,1,119156.0,ANIMAL
2014,1688,10,2,3,8,276,SARDINA COMUN,1,119060.0,ANIMAL
2019,28064,3,2,4,12,205,ANCHOVETA,1,119050.0,ANIMAL
2018,28064,3,2,3,9,205,ANCHOVETA,1,118867.0,ANIMAL
2018,28064,3,2,3,9,278,SARDINA ESPAÑOLA,1,118867.0,ANIMAL
2014,14837,14,2,4,10,276,SARDINA COMUN,1,118828.0,ANIMAL
2014,90099,8,2,4,10,276,SARDINA COMUN,1,118828.0,ANIMAL
2016,2332,8,2,4,12,276,SARDINA COMUN,1,118756.0,ANIMAL
2016,90035,4,2,3,9,205,ANCHOVETA,1,117950.0,MIXTA_AH
2016,1688,10,1,1,1,205,ANCHOVETA,1,117678.0,ANIMAL
2016,1688,10,1,1,1,276,SARDINA COMUN,1,117678.0,ANIMAL
2013,28064,3,1,1,1,234,JUREL,1,117438.0,ANIMAL
2015,18478,1,1,2,4,205,ANCHOVETA,1,117366.0,ANIMAL
2013,28064,3,1,1,2,234,JUREL,1,117180.0,ANIMAL
2013,28064,3,1,2,4,234,JUREL,1,117180.0,ANIMAL
2013,28064,3,1,2,5,234,JUREL,1,117180.0,ANIMAL
2014,90035,4,2,4,12,205,ANCHOVETA,1,117000.0,MIXTA_AH
2015,28064,3,2,3,7,205,ANCHOVETA,1,116921.0,ANIMAL
2015,28064,3,1,1,1,205,ANCHOVETA,1,116825.0,ANIMAL
2019,15232,2,2,4,12,205,ANCHOVETA,1,116812.0,ANIMAL
2019,15232,2,2,4,12,234,JUREL,1,116812.0,ANIMAL
2018,90158,1,2,3,9,205,ANCHOVETA,1,116741.0,MIXTA_AH
2019,28064,3,1,1,1,205,ANCHOVETA,1,116702.0,ANIMAL
2018,28064,3,2,4,12,205,ANCHOVETA,1,116347.0,ANIMAL
2016,2332,8,2,4,10,276,SARDINA COMUN,1,116186.0,ANIMAL
2019,14837,14,1,1,2,276,SARDINA COMUN,1,116079.0,ANIMAL
2015,18478,1,2,3,8,205,ANCHOVETA,1,116036.0,ANIMAL
2019,14837,14,1,1,2,205,ANCHOVETA,1,116019.0,ANIMAL
2014,28064,3,2,4,11,205,ANCHOVETA,1,115761.0,ANIMAL
2018,28064,3,1,2,4,205,ANCHOVETA,1,115514.0,ANIMAL
2018,28064,3,1,2,4,278,SARDINA ESPAÑOLA,1,115514.0,ANIMAL
2014,1688,10,2,3,7,276,SARDINA COMUN,1,115460.0,ANIMAL
2017,10951,8,1,1,3,276,SARDINA COMUN,1,115000.0,MIXTA_AH
2017,10951,8,1,2,4,276,SARDINA COMUN,1,115000.0,MIXTA_AH
2017,10951,8,1,2,5,276,SARDINA COMUN,1,115000.0,MIXTA_AH
2017,10951,8,1,2,6,276,SARDINA COMUN,1,115000.0,MIXTA_AH
2017,10951,8,2,3,7,276,SARDINA COMUN,1,115000.0,MIXTA_AH
2017,10951,8,2,4,10,276,SARDINA COMUN,1,115000.0,MIXTA_AH
2017,10951,8,2,4,11,276,SARDINA COMUN,1,115000.0,MIXTA_AH
2017,10951,8,2,4,12,276,SARDINA COMUN,1,115000.0,MIXTA_AH
2014,14815,8,2,4,12,205,ANCHOVETA,1,114530.0,MIXTA_AH
2014,14815,8,2,4,12,234,JUREL,1,114530.0,MIXTA_AH
2014,14815,8,2,4,12,276,SARDINA COMUN,1,114530.0,MIXTA_AH
2014,90035,4,1,2,6,234,JUREL,1,114520.0,MIXTA_AH
2015,18478,1,2,3,7,205,ANCHOVETA,1,114415.0,ANIMAL
2016,90035,4,2,4,10,205,ANCHOVETA,1,114380.0,MIXTA_AH
2018,28064,3,2,3,7,278,SARDINA ESPAÑOLA,1,114039.0,ANIMAL
2018,28064,3,2,3,7,205,ANCHOVETA,1,114030.0,ANIMAL
2016,10452,5,1,1,3,234,JUREL,1,114000.0,ANIMAL
2019,15232,2,1,1,3,205,ANCHOVETA,1,113974.0,ANIMAL
2019,15232,2,1,1,3,234,JUREL,1,113974.0,ANIMAL
2016,1688,10,1,2,4,205,ANCHOVETA,1,113888.0,ANIMAL
2016,1688,10,1,2,4,276,SARDINA COMUN,1,113888.0,ANIMAL
2016,2332,8,1,2,4,205,ANCHOVETA,1,113888.0,ANIMAL
2016,2332,8,1,2,4,276,SARDINA COMUN,1,113888.0,ANIMAL
2019,28064,3,1,2,4,278,SARDINA ESPAÑOLA,1,113878.0,ANIMAL
2020,90035,4,2,3,8,205,ANCHOVETA,1,113739.0,ANIMAL
2016,28064,3,2,4,11,205,ANCHOVETA,1,113257.0,ANIMAL
2018,90158,1,2,4,11,205,ANCHOVETA,1,113139.0,MIXTA_AH
2018,14815,8,2,4,11,276,SARDINA COMUN,1,113122.0,MIXTA_AH
2014,28064,3,2,4,10,205,ANCHOVETA,1,113060.0,ANIMAL
2016,90035,4,2,3,7,205,ANCHOVETA,1,112870.0,MIXTA_AH
2018,28064,3,2,3,8,205,ANCHOVETA,1,112427.0,ANIMAL
2018,28064,3,2,3,8,278,SARDINA ESPAÑOLA,1,112427.0,ANIMAL
2015,18478,1,1,2,5,205,ANCHOVETA,1,112405.0,ANIMAL
2014,90035,4,1,2,5,234,JUREL,1,112350.0,MIXTA_AH
2015,18478,1,1,2,6,205,ANCHOVETA,1,112249.0,ANIMAL
2016,90035,4,2,3,8,205,ANCHOVETA,1,112120.0,MIXTA_AH
2013,90099,8,1,2,4,276,SARDINA COMUN,1,112082.0,ANIMAL
2019,15232,2,2,4,10,234,JUREL,1,112042.0,ANIMAL
2015,90035,4,2,3,8,205,ANCHOVETA,1,111940.0,MIXTA_AH
2017,17003,8,1,2,5,276,SARDINA COMUN,1,111845.0,ANIMAL
2017,90099,8,1,2,5,205,ANCHOVETA,1,111845.0,ANIMAL
2017,90099,8,1,2,5,276,SARDINA COMUN,1,111845.0,ANIMAL
2013,14837,14,2,3,7,205,ANCHOVETA,1,111689.0,HUMANO
2013,14837,14,2,3,7,276,SARDINA COMUN,1,111689.0,HUMANO
2018,90035,4,1,2,4,234,JUREL,1,111190.0,MIXTA_AH
2017,17003,8,1,2,5,205,ANCHOVETA,1,110845.0,ANIMAL
2019,28064,3,1,1,2,205,ANCHOVETA,1,110749.0,ANIMAL
2014,90035,4,1,1,2,234,JUREL,1,110720.0,MIXTA_AH
2015,90035,4,2,3,7,205,ANCHOVETA,1,110532.0,MIXTA_AH
2021,90035,4,2,3,7,205,ANCHOVETA,1,110480.0,ANIMAL
2014,90035,4,1,2,4,234,JUREL,1,110200.0,MIXTA_AH
2017,28064,3,1,1,2,205,ANCHOVETA,1,110186.0,ANIMAL
2018,13476,8,1,1,3,276,SARDINA COMUN,1,110000.0,ANIMAL
2018,13476,8,1,2,4,276,SARDINA COMUN,1,110000.0,ANIMAL
2018,13476,8,1,2,5,276,SARDINA COMUN,1,110000.0,ANIMAL
2018,13476,8,2,4,10,276,SARDINA COMUN,1,110000.0,ANIMAL
2018,13476,8,2,4,11,276,SARDINA COMUN,1,110000.0,ANIMAL
2018,13476,8,2,4,12,276,SARDINA COMUN,1,110000.0,ANIMAL
2018,15219,8,1,1,3,276,SARDINA COMUN,1,110000.0,MIXTA_AH
2018,15219,8,1,2,5,276,SARDINA COMUN,1,110000.0,MIXTA_AH
2018,15219,8,1,2,6,276,SARDINA COMUN,1,110000.0,MIXTA_AH
2018,15219,8,2,4,11,276,SARDINA COMUN,1,110000.0,MIXTA_AH
2018,15219,8,2,4,12,276,SARDINA COMUN,1,110000.0,MIXTA_AH
2019,10951,8,1,1,3,276,SARDINA COMUN,1,110000.0,MIXTA_AH
2019,10951,8,1,2,4,276,SARDINA COMUN,1,110000.0,MIXTA_AH
2019,10951,8,1,2,5,276,SARDINA COMUN,1,110000.0,MIXTA_AH
2019,10951,8,1,2,6,276,SARDINA COMUN,1,110000.0,MIXTA_AH
2019,10951,8,2,3,7,276,SARDINA COMUN,1,110000.0,MIXTA_AH
2019,10951,8,2,4,10,276,SARDINA COMUN,1,110000.0,MIXTA_AH
2019,10951,8,2,4,12,276,SARDINA COMUN,1,110000.0,MIXTA_AH
2019,13476,8,2,4,11,276,SARDINA COMUN,1,110000.0,ANIMAL
2019,13476,8,2,4,12,276,SARDINA COMUN,1,110000.0,ANIMAL
2019,15219,8,1,1,3,276,SARDINA COMUN,1,110000.0,MIXTA_AH
2019,15219,8,1,2,4,276,SARDINA COMUN,1,110000.0,MIXTA_AH
2019,15219,8,1,2,5,276,SARDINA COMUN,1,110000.0,MIXTA_AH
2019,15219,8,1,2,6,276,SARDINA COMUN,1,110000.0,MIXTA_AH
2019,15219,8,2,4,11,276,SARDINA COMUN,1,110000.0,MIXTA_AH
2019,15219,8,2,4,12,276,SARDINA COMUN,1,110000.0,MIXTA_AH
2015,2332,8,1,2,5,276,SARDINA COMUN,1,109668.0,ANIMAL
2014,90035,4,2,3,9,205,ANCHOVETA,1,109590.0,MIXTA_AH
2014,90035,4,1,1,1,234,JUREL,1,109201.0,MIXTA_AH
2017,28064,3,1,2,5,205,ANCHOVETA,1,109071.0,ANIMAL
2018,28064,3,1,2,5,205,ANCHOVETA,1,109026.0,ANIMAL
2018,28064,3,1,2,5,278,SARDINA ESPAÑOLA,1,109026.0,ANIMAL
2020,90035,4,1,1,3,205,ANCHOVETA,1,108990.0,ANIMAL
2017,28064,3,1,2,4,205,ANCHOVETA,1,108974.0,ANIMAL
2021,90035,4,1,1,2,205,ANCHOVETA,1,108680.0,ANIMAL
2015,90035,4,1,1,2,205,ANCHOVETA,1,108130.0,MIXTA_AH
2019,28064,3,1,1,3,278,SARDINA ESPAÑOLA,1,107952.0,ANIMAL
2013,90035,4,2,4,11,234,JUREL,1,107680.0,MIXTA_AH
2014,14815,8,2,4,10,205,ANCHOVETA,1,107642.0,MIXTA_AH
2014,14815,8,2,4,10,276,SARDINA COMUN,1,107642.0,MIXTA_AH
2018,28064,3,1,2,6,205,ANCHOVETA,1,107268.0,ANIMAL
2018,28064,3,1,2,6,278,SARDINA ESPAÑOLA,1,107268.0,ANIMAL
2021,90035,4,1,1,3,205,ANCHOVETA,1,106900.0,ANIMAL
2021,90035,4,1,2,4,205,ANCHOVETA,1,106790.0,ANIMAL
2013,14837,14,1,2,5,205,ANCHOVETA,1,106553.0,HUMANO
2013,14837,14,1,2,5,276,SARDINA COMUN,1,106553.0,HUMANO
2017,28064,3,1,1,3,205,ANCHOVETA,1,106279.0,ANIMAL
2021,90035,4,1,2,6,205,ANCHOVETA,1,106200.0,ANIMAL
2017,18478,1,1,1,2,205,ANCHOVETA,1,105486.0,ANIMAL
2014,2421,8,1,2,4,205,ANCHOVETA,1,105306.0,ANIMAL
2014,2421,8,1,2,4,276,SARDINA COMUN,1,105306.0,ANIMAL
2014,14815,8,1,2,4,205,ANCHOVETA,1,105306.0,MIXTA_AH
2014,14815,8,1,2,4,276,SARDINA COMUN,1,105306.0,MIXTA_AH
2015,2332,8,1,2,4,276,SARDINA COMUN,1,105140.0,ANIMAL
2012,10001,15,1,1,1,205,ANCHOVETA,,105000.0,HUMANO
2012,10001,15,1,1,2,205,ANCHOVETA,,105000.0,HUMANO
2012,10001,15,1,1,3,205,ANCHOVETA,,105000.0,HUMANO
2012,10001,15,1,2,4,205,ANCHOVETA,,105000.0,HUMANO
2015,90035,4,1,1,3,205,ANCHOVETA,1,104740.0,MIXTA_AH
2017,14815,8,2,4,12,276,SARDINA COMUN,1,104577.0,MIXTA_AH
2014,14815,8,1,2,5,205,ANCHOVETA,1,103727.0,MIXTA_AH
2014,14815,8,1,2,5,276,SARDINA COMUN,1,103727.0,MIXTA_AH
2017,28064,3,1,2,6,205,ANCHOVETA,1,103255.0,ANIMAL
2018,14815,8,2,4,10,276,SARDINA COMUN,1,103188.0,MIXTA_AH
2018,14837,14,2,3,7,276,SARDINA COMUN,1,103055.0,ANIMAL
2021,90035,4,1,2,5,205,ANCHOVETA,1,102880.0,ANIMAL
2019,90035,4,1,2,6,205,ANCHOVETA,1,102830.0,ANIMAL
2019,90035,4,1,2,6,278,SARDINA ESPAÑOLA,1,102830.0,ANIMAL
2018,14815,8,2,3,7,276,SARDINA COMUN,1,102807.0,MIXTA_AH
2013,28064,3,2,3,9,205,ANCHOVETA,1,102478.0,ANIMAL
2016,2332,8,2,4,11,276,SARDINA COMUN,1,101916.0,ANIMAL
2014,14815,8,1,2,6,205,ANCHOVETA,1,101660.0,MIXTA_AH
2014,14815,8,1,2,6,276,SARDINA COMUN,1,101660.0,MIXTA_AH
2013,90099,8,1,1,3,276,SARDINA COMUN,1,101540.0,ANIMAL
2017,14815,8,2,4,10,276,SARDINA COMUN,1,101426.0,MIXTA_AH
2014,2421,8,1,1,3,205,ANCHOVETA,1,101406.0,ANIMAL
2014,2421,8,1,1,3,276,SARDINA COMUN,1,101406.0,ANIMAL
2014,14815,8,1,1,3,205,ANCHOVETA,1,101406.0,MIXTA_AH
2014,14815,8,1,1,3,276,SARDINA COMUN,1,101406.0,MIXTA_AH
2013,28064,3,1,2,6,205,ANCHOVETA,1,101326.0,ANIMAL
2016,90035,4,2,4,12,205,ANCHOVETA,1,100740.0,MIXTA_AH
2013,14837,14,1,2,4,205,ANCHOVETA,1,100221.0,HUMANO
2013,14837,14,1,2,4,276,SARDINA COMUN,1,100221.0,HUMANO
2013,14838,8,1,1,3,205,ANCHOVETA,1,100208.0,ANIMAL
2013,10951,8,1,1,3,205,ANCHOVETA,1,100000.0,MIXTA_AH
2013,10951,8,1,2,4,205,ANCHOVETA,1,100000.0,MIXTA_AH
2013,10951,8,1,2,5,205,ANCHOVETA,1,100000.0,MIXTA_AH
2013,10951,8,1,2,6,205,ANCHOVETA,1,100000.0,MIXTA_AH
2013,10951,8,2,3,7,205,ANCHOVETA,1,100000.0,MIXTA_AH
2013,10951,8,2,4,10,205,ANCHOVETA,1,100000.0,MIXTA_AH
2013,10951,8,2,4,11,205,ANCHOVETA,1,100000.0,MIXTA_AH
2013,10951,8,2,4,12,205,ANCHOVETA,1,100000.0,MIXTA_AH
2013,10951,8,1,1,3,276,SARDINA COMUN,1,100000.0,MIXTA_AH
2013,10951,8,1,2,4,276,SARDINA COMUN,1,100000.0,MIXTA_AH
2013,10951,8,1,2,5,276,SARDINA COMUN,1,100000.0,MIXTA_AH
2013,10951,8,1,2,6,276,SARDINA COMUN,1,100000.0,MIXTA_AH
2013,10951,8,2,3,7,276,SARDINA COMUN,1,100000.0,MIXTA_AH
2013,10951,8,2,4,10,276,SARDINA COMUN,1,100000.0,MIXTA_AH
2013,10951,8,2,4,11,276,SARDINA COMUN,1,100000.0,MIXTA_AH
2013,10951,8,2,4,12,276,SARDINA COMUN,1,100000.0,MIXTA_AH
2015,10452,5,2,3,7,205,ANCHOVETA,1,100000.0,ANIMAL
2015,10452,5,2,4,11,205,ANCHOVETA,1,100000.0,ANIMAL
2015,10452,5,2,4,12,205,ANCHOVETA,1,100000.0,ANIMAL
2015,10452,5,2,3,7,276,SARDINA COMUN,1,100000.0,ANIMAL
2015,10452,5,2,4,11,276,SARDINA COMUN,1,100000.0,ANIMAL
2015,10452,5,2,4,12,276,SARDINA COMUN,1,100000.0,ANIMAL
2015,10951,8,1,1,2,276,SARDINA COMUN,1,100000.0,MIXTA_AH
2015,10951,8,1,1,3,276,SARDINA COMUN,1,100000.0,MIXTA_AH
2015,10951,8,1,2,4,276,SARDINA COMUN,1,100000.0,MIXTA_AH
2015,10951,8,1,2,5,276,SARDINA COMUN,1,100000.0,MIXTA_AH
2015,10951,8,1,2,6,276,SARDINA COMUN,1,100000.0,MIXTA_AH
2015,10951,8,2,3,7,276,SARDINA COMUN,1,100000.0,MIXTA_AH
2015,10951,8,2,4,12,276,SARDINA COMUN,1,100000.0,MIXTA_AH
2016,10452,5,1,1,3,205,ANCHOVETA,1,100000.0,ANIMAL
2016,10452,5,1,2,4,205,ANCHOVETA,1,100000.0,ANIMAL
2016,10452,5,1,2,5,205,ANCHOVETA,1,100000.0,ANIMAL
2016,10452,5,1,2,6,205,ANCHOVETA,1,100000.0,ANIMAL
2016,10452,5,2,3,7,205,ANCHOVETA,1,100000.0,ANIMAL
2016,10452,5,1,2,4,276,SARDINA COMUN,1,100000.0,ANIMAL
2016,10452,5,1,2,5,276,SARDINA COMUN,1,100000.0,ANIMAL
2016,10452,5,1,2,6,276,SARDINA COMUN,1,100000.0,ANIMAL
2016,10452,5,2,3,7,276,SARDINA COMUN,1,100000.0,ANIMAL
2017,13476,8,1,1,2,276,SARDINA COMUN,1,100000.0,ANIMAL
2017,13476,8,1,1,3,276,SARDINA COMUN,1,100000.0,ANIMAL
2017,13476,8,1,2,4,276,SARDINA COMUN,1,100000.0,ANIMAL
2017,13476,8,1,2,5,276,SARDINA COMUN,1,100000.0,ANIMAL
2017,13476,8,1,2,6,276,SARDINA COMUN,1,100000.0,ANIMAL
2017,13476,8,2,3,7,276,SARDINA COMUN,2,100000.0,ANIMAL
2017,13476,8,2,4,10,276,SARDINA COMUN,2,100000.0,ANIMAL
2017,13476,8,2,4,11,276,SARDINA COMUN,2,100000.0,ANIMAL
2017,13476,8,2,4,12,276,SARDINA COMUN,2,100000.0,ANIMAL
2017,15219,8,2,3,7,276,SARDINA COMUN,1,100000.0,MIXTA_AH
2017,15219,8,2,4,10,276,SARDINA COMUN,1,100000.0,MIXTA_AH
2017,15219,8,2,4,11,276,SARDINA COMUN,1,100000.0,MIXTA_AH
2017,15219,8,2,4,12,276,SARDINA COMUN,1,100000.0,MIXTA_AH
2017,17003,8,1,1,3,205,ANCHOVETA,1,100000.0,ANIMAL
2017,17003,8,1,1,3,276,SARDINA COMUN,1,100000.0,ANIMAL
2017,90099,8,1,1,3,205,ANCHOVETA,1,100000.0,ANIMAL
2017,90099,8,1,1,3,276,SARDINA COMUN,1,100000.0,ANIMAL
2019,10452,5,1,2,4,205,ANCHOVETA,1,100000.0,ANIMAL
2019,10452,5,1,2,5,205,ANCHOVETA,1,100000.0,ANIMAL
2019,10452,5,1,2,6,205,ANCHOVETA,1,100000.0,ANIMAL
2019,10452,5,2,3,7,205,ANCHOVETA,1,100000.0,ANIMAL
2019,10452,5,1,2,4,276,SARDINA COMUN,1,100000.0,ANIMAL
2019,10452,5,1,2,5,276,SARDINA COMUN,1,100000.0,ANIMAL
2019,10452,5,1,2,6,276,SARDINA COMUN,1,100000.0,ANIMAL
2020,10452,5,1,1,3,205,ANCHOVETA,1,100000.0,ANIMAL
2020,10452,5,1,2,4,205,ANCHOVETA,1,100000.0,ANIMAL
2020,10452,5,1,2,4,276,SARDINA COMUN,1,100000.0,ANIMAL
2012,18478,1,2,4,12,205,ANCHOVETA,,99000.0,ANIMAL
2014,90035,4,2,4,11,205,ANCHOVETA,1,98980.0,MIXTA_AH
2018,14815,8,1,2,5,276,SARDINA COMUN,1,98759.0,MIXTA_AH
2017,18478,1,1,1,3,205,ANCHOVETA,1,98726.0,ANIMAL
2014,14837,14,2,3,7,276,SARDINA COMUN,1,98674.0,ANIMAL
2014,90099,8,2,3,7,276,SARDINA COMUN,1,98674.0,ANIMAL
2019,90035,4,2,3,7,205,ANCHOVETA,1,98300.0,ANIMAL
2013,90035,4,1,1,2,205,ANCHOVETA,1,98294.0,MIXTA_AH
2012,2421,8,2,4,12,205,ANCHOVETA,,98000.0,ANIMAL
2012,2421,8,2,4,12,276,SARDINA COMUN,,98000.0,ANIMAL
2012,13702,8,2,4,12,205,ANCHOVETA,,98000.0,ANIMAL
2012,13702,8,2,4,12,276,SARDINA COMUN,,98000.0,ANIMAL
2012,14815,8,2,4,12,205,ANCHOVETA,,98000.0,MIXTA_AH
2012,14815,8,2,4,12,276,SARDINA COMUN,,98000.0,MIXTA_AH
2012,90071,8,2,4,12,205,ANCHOVETA,,98000.0,HUMANO
2012,90071,8,2,4,12,276,SARDINA COMUN,,98000.0,HUMANO
2017,18478,1,1,2,4,205,ANCHOVETA,1,97979.0,ANIMAL
2016,1688,10,1,1,2,205,ANCHOVETA,1,97867.0,ANIMAL
2016,1688,10,1,1,2,276,SARDINA COMUN,1,97867.0,ANIMAL
2013,18478,1,1,2,5,205,ANCHOVETA,1,97577.0,ANIMAL
2014,90099,8,1,2,6,276,SARDINA COMUN,1,97460.0,ANIMAL
2016,90035,4,2,4,11,205,ANCHOVETA,1,97400.0,MIXTA_AH
2014,14837,14,1,2,6,205,ANCHOVETA,1,97316.0,ANIMAL
2014,14837,14,1,2,6,276,SARDINA COMUN,1,97316.0,ANIMAL
2014,14837,14,1,2,5,205,ANCHOVETA,1,97304.0,ANIMAL
2014,14837,14,1,2,5,276,SARDINA COMUN,1,97304.0,ANIMAL
2014,90035,4,2,4,10,205,ANCHOVETA,1,97260.0,MIXTA_AH
2017,90099,8,2,4,12,205,ANCHOVETA,1,97031.0,ANIMAL
2017,90099,8,2,4,12,276,SARDINA COMUN,1,97031.0,ANIMAL
2013,18478,1,1,1,1,205,ANCHOVETA,1,97022.0,ANIMAL
2012,18478,1,2,4,11,205,ANCHOVETA,,97000.0,ANIMAL
2012,90099,8,2,4,12,276,SARDINA COMUN,,97000.0,ANIMAL
2014,17003,8,1,2,5,205,ANCHOVETA,1,96956.0,ANIMAL
2014,17003,8,1,2,5,276,SARDINA COMUN,1,96956.0,ANIMAL
2014,90099,8,1,2,5,276,SARDINA COMUN,1,96956.0,ANIMAL
2017,18478,1,1,2,5,205,ANCHOVETA,1,96880.0,ANIMAL
2013,28064,3,1,1,3,205,ANCHOVETA,1,96785.0,ANIMAL
2014,90035,4,2,3,8,205,ANCHOVETA,1,96780.0,MIXTA_AH
2013,28064,3,1,1,2,205,ANCHOVETA,1,96635.0,ANIMAL
2014,14815,8,2,3,7,205,ANCHOVETA,1,96266.0,MIXTA_AH
2014,14815,8,2,3,7,276,SARDINA COMUN,1,96266.0,MIXTA_AH
2017,90099,8,2,4,11,205,ANCHOVETA,1,96041.0,ANIMAL
2017,90099,8,2,4,11,276,SARDINA COMUN,1,96041.0,ANIMAL
2012,2421,8,2,3,7,234,JUREL,,96000.0,ANIMAL
2012,13702,8,2,3,7,234,JUREL,,96000.0,ANIMAL
2012,14815,8,2,3,7,234,JUREL,,96000.0,MIXTA_AH
2012,17003,8,2,4,12,276,SARDINA COMUN,,96000.0,ANIMAL
2012,90071,8,2,3,7,234,JUREL,,96000.0,HUMANO
2013,28064,3,1,2,4,205,ANCHOVETA,1,95860.0,ANIMAL
2014,14837,14,1,2,4,205,ANCHOVETA,1,95512.0,ANIMAL
2014,14837,14,1,2,4,276,SARDINA COMUN,1,95512.0,ANIMAL
2014,28064,3,2,3,8,205,ANCHOVETA,1,95508.0,ANIMAL
2018,90060,15,2,4,10,205,ANCHOVETA,2,95425.2,HUMANO
2014,1688,10,1,2,4,276,SARDINA COMUN,1,95420.0,ANIMAL
2018,90060,15,1,2,6,205,ANCHOVETA,1,95214.6,HUMANO
2013,28064,3,2,4,10,205,ANCHOVETA,1,95206.0,ANIMAL
2017,90099,8,2,4,10,205,ANCHOVETA,1,95000.0,ANIMAL
2017,90099,8,2,4,10,276,SARDINA COMUN,1,95000.0,ANIMAL
2013,18478,1,1,2,6,205,ANCHOVETA,1,94819.0,ANIMAL
2013,14815,8,2,4,10,205,ANCHOVETA,1,94516.0,MIXTA_AH
2013,14815,8,2,4,10,276,SARDINA COMUN,1,94516.0,MIXTA_AH
2019,90035,4,1,1,2,205,ANCHOVETA,1,94410.0,ANIMAL
2013,90035,4,1,2,5,205,ANCHOVETA,1,94370.0,MIXTA_AH
2013,18478,1,2,3,7,205,ANCHOVETA,1,94322.0,ANIMAL
2013,14815,8,2,3,7,205,ANCHOVETA,1,94229.0,MIXTA_AH
2013,14815,8,2,3,7,276,SARDINA COMUN,1,94229.0,MIXTA_AH
2017,10452,5,1,1,3,205,ANCHOVETA,1,94180.0,ANIMAL
2013,28064,3,1,2,5,205,ANCHOVETA,1,94148.0,ANIMAL
2012,90099,8,1,2,6,276,SARDINA COMUN,,94000.0,ANIMAL
2013,14815,8,1,2,5,205,ANCHOVETA,1,94000.0,MIXTA_AH
2013,14815,8,1,2,6,205,ANCHOVETA,1,94000.0,MIXTA_AH
2013,14815,8,1,2,5,276,SARDINA COMUN,1,94000.0,MIXTA_AH
2013,14815,8,1,2,6,276,SARDINA COMUN,1,94000.0,MIXTA_AH
2014,17003,8,1,2,4,205,ANCHOVETA,1,93590.0,ANIMAL
2014,17003,8,1,2,4,276,SARDINA COMUN,1,93590.0,ANIMAL
2014,90099,8,1,2,4,276,SARDINA COMUN,1,93569.0,ANIMAL
2019,90035,4,1,1,3,205,ANCHOVETA,1,93550.0,ANIMAL
2017,14815,8,2,3,7,276,SARDINA COMUN,1,93483.0,MIXTA_AH
2014,1688,10,1,2,6,276,SARDINA COMUN,1,93410.0,ANIMAL
2013,28064,3,2,3,8,205,ANCHOVETA,1,93342.0,ANIMAL
2019,90035,4,1,2,5,205,ANCHOVETA,1,93160.0,ANIMAL
2019,90035,4,1,2,5,278,SARDINA ESPAÑOLA,1,93160.0,ANIMAL
2014,1688,10,1,1,3,276,SARDINA COMUN,1,93150.0,ANIMAL
2014,17003,8,1,1,3,205,ANCHOVETA,1,93096.0,ANIMAL
2014,17003,8,1,1,3,276,SARDINA COMUN,1,93096.0,ANIMAL
2014,90099,8,1,1,3,276,SARDINA COMUN,1,93096.0,ANIMAL
2014,1688,10,1,2,5,276,SARDINA COMUN,1,93070.0,ANIMAL
2014,90035,4,2,3,7,205,ANCHOVETA,1,93010.0,MIXTA_AH
2012,14837,14,2,4,12,276,SARDINA COMUN,,93000.0,ANIMAL
2014,14837,14,1,1,3,205,ANCHOVETA,1,92640.0,ANIMAL
2014,14837,14,1,1,3,276,SARDINA COMUN,1,92640.0,ANIMAL
2019,90035,4,1,2,4,205,ANCHOVETA,1,92420.0,ANIMAL
2018,90035,4,2,3,7,205,ANCHOVETA,1,92310.0,MIXTA_AH
2013,18478,1,2,3,8,205,ANCHOVETA,1,92243.0,ANIMAL
2013,14837,14,1,1,2,205,ANCHOVETA,1,92055.0,HUMANO
2013,14837,14,1,1,2,276,SARDINA COMUN,1,92055.0,HUMANO
2012,2421,8,2,4,11,205,ANCHOVETA,,92000.0,ANIMAL
2012,2421,8,2,4,11,276,SARDINA COMUN,,92000.0,ANIMAL
2012,13702,8,2,4,11,205,ANCHOVETA,,92000.0,ANIMAL
2012,13702,8,2,4,11,276,SARDINA COMUN,,92000.0,ANIMAL
2012,14815,8,2,4,11,205,ANCHOVETA,,92000.0,MIXTA_AH
2012,14815,8,2,4,11,276,SARDINA COMUN,,92000.0,MIXTA_AH
2012,90071,8,2,4,11,205,ANCHOVETA,,92000.0,HUMANO
2012,90071,8,2,4,11,276,SARDINA COMUN,,92000.0,HUMANO
2013,14837,14,1,1,3,205,ANCHOVETA,1,91674.0,HUMANO
2013,14837,14,1,1,3,276,SARDINA COMUN,1,91674.0,HUMANO
2017,10452,5,1,1,3,276,SARDINA COMUN,1,91527.0,ANIMAL
2013,28064,3,2,3,7,205,ANCHOVETA,1,91441.0,ANIMAL
2013,28064,3,2,4,11,205,ANCHOVETA,1,91270.0,ANIMAL
2013,10452,5,1,2,6,276,SARDINA COMUN,1,91053.0,ANIMAL
2012,2421,8,2,4,10,205,ANCHOVETA,,91000.0,ANIMAL
2012,2421,8,2,4,10,276,SARDINA COMUN,,91000.0,ANIMAL
2012,13702,8,2,4,10,205,ANCHOVETA,,91000.0,ANIMAL
2012,13702,8,2,4,10,276,SARDINA COMUN,,91000.0,ANIMAL
2012,14815,8,2,4,10,205,ANCHOVETA,,91000.0,MIXTA_AH
2012,14815,8,2,4,10,276,SARDINA COMUN,,91000.0,MIXTA_AH
2012,90071,8,2,4,10,205,ANCHOVETA,,91000.0,HUMANO
2012,90071,8,2,4,10,276,SARDINA COMUN,,91000.0,HUMANO
2013,2421,8,1,1,3,205,ANCHOVETA,1,91000.0,ANIMAL
2013,2421,8,1,1,3,276,SARDINA COMUN,1,91000.0,ANIMAL
2013,13702,8,1,1,3,205,ANCHOVETA,1,91000.0,ANIMAL
2013,13702,8,1,1,3,276,SARDINA COMUN,1,91000.0,ANIMAL
2013,14815,8,1,1,3,205,ANCHOVETA,1,91000.0,MIXTA_AH
2013,14815,8,1,1,3,276,SARDINA COMUN,1,91000.0,MIXTA_AH
2017,90035,4,2,4,10,205,ANCHOVETA,1,91000.0,MIXTA_AH
2013,28064,3,1,1,1,205,ANCHOVETA,1,90909.0,ANIMAL
2013,90035,4,2,3,7,205,ANCHOVETA,1,90820.0,MIXTA_AH
2014,28064,3,2,3,7,205,ANCHOVETA,1,90786.0,ANIMAL
2017,10452,5,1,2,5,276,SARDINA COMUN,1,90600.0,ANIMAL
2014,1688,10,1,1,2,276,SARDINA COMUN,1,90170.0,ANIMAL
2012,18478,1,2,3,8,205,ANCHOVETA,,90000.0,ANIMAL
2013,10973,8,1,2,5,205,ANCHOVETA,1,90000.0,ANIMAL
2013,10973,8,1,2,6,205,ANCHOVETA,1,90000.0,ANIMAL
2013,10973,8,1,2,5,276,SARDINA COMUN,1,90000.0,ANIMAL
2013,10973,8,1,2,6,276,SARDINA COMUN,1,90000.0,ANIMAL
2014,1688,10,1,1,1,276,SARDINA COMUN,1,90000.0,ANIMAL
2017,10452,5,1,2,4,205,ANCHOVETA,1,90000.0,ANIMAL
2017,10452,5,1,2,5,205,ANCHOVETA,1,90000.0,ANIMAL
2017,10452,5,1,2,6,205,ANCHOVETA,1,90000.0,ANIMAL
2017,10452,5,1,2,4,276,SARDINA COMUN,1,90000.0,ANIMAL
2017,10452,5,1,2,6,276,SARDINA COMUN,1,90000.0,ANIMAL
2017,90035,4,2,4,12,205,ANCHOVETA,1,90000.0,MIXTA_AH
2018,10452,5,1,1,3,205,ANCHOVETA,1,90000.0,ANIMAL
2018,10452,5,1,2,4,205,ANCHOVETA,1,90000.0,ANIMAL
2018,10452,5,2,3,7,205,ANCHOVETA,1,90000.0,ANIMAL
2018,10452,5,2,4,11,205,ANCHOVETA,1,90000.0,ANIMAL
2018,10452,5,2,4,12,205,ANCHOVETA,1,90000.0,ANIMAL
2018,10452,5,1,1,3,276,SARDINA COMUN,1,90000.0,ANIMAL
2018,10452,5,1,2,4,276,SARDINA COMUN,1,90000.0,ANIMAL
2018,10452,5,2,3,7,276,SARDINA COMUN,1,90000.0,ANIMAL
2018,10452,5,2,4,11,276,SARDINA COMUN,1,90000.0,ANIMAL
2018,10452,5,2,4,12,276,SARDINA COMUN,1,90000.0,ANIMAL
2013,90035,4,1,2,6,205,ANCHOVETA,1,89800.0,MIXTA_AH
2014,90035,4,1,2,6,205,ANCHOVETA,1,89730.0,MIXTA_AH
2014,90035,4,1,2,4,205,ANCHOVETA,1,89150.0,MIXTA_AH
2013,90035,4,1,1,1,205,ANCHOVETA,1,89052.0,MIXTA_AH
2012,17003,8,2,4,11,276,SARDINA COMUN,,89000.0,ANIMAL
2012,18478,1,2,3,7,205,ANCHOVETA,,89000.0,ANIMAL
2012,90099,8,2,4,11,276,SARDINA COMUN,,89000.0,ANIMAL
2017,90035,4,2,3,7,205,ANCHOVETA,1,89000.0,MIXTA_AH
2013,90035,4,2,4,12,234,JUREL,1,88640.0,MIXTA_AH
2014,14837,14,1,1,2,205,ANCHOVETA,1,88495.0,ANIMAL
2014,14837,14,1,1,2,276,SARDINA COMUN,1,88495.0,ANIMAL
2014,90035,4,1,2,5,205,ANCHOVETA,1,88050.0,MIXTA_AH
2012,2421,8,2,3,8,205,ANCHOVETA,,88000.0,ANIMAL
2012,2421,8,2,3,8,276,SARDINA COMUN,,88000.0,ANIMAL
2012,13702,8,2,3,8,205,ANCHOVETA,,88000.0,ANIMAL
2012,13702,8,2,3,8,276,SARDINA COMUN,,88000.0,ANIMAL
2012,14815,8,2,3,8,205,ANCHOVETA,,88000.0,MIXTA_AH
2012,14815,8,2,3,8,276,SARDINA COMUN,,88000.0,MIXTA_AH
2012,18478,1,1,2,6,205,ANCHOVETA,,88000.0,ANIMAL
2012,90071,8,2,3,8,205,ANCHOVETA,,88000.0,HUMANO
2012,90071,8,2,3,8,276,SARDINA COMUN,,88000.0,HUMANO
2013,14815,8,1,2,4,205,ANCHOVETA,1,88000.0,MIXTA_AH
2013,14815,8,1,2,4,276,SARDINA COMUN,1,88000.0,MIXTA_AH
2017,90035,4,2,3,8,205,ANCHOVETA,1,88000.0,MIXTA_AH
2017,90035,4,2,4,11,205,ANCHOVETA,1,88000.0,MIXTA_AH
2014,28064,3,1,2,6,205,ANCHOVETA,1,87366.0,ANIMAL
2014,28064,3,1,2,4,205,ANCHOVETA,1,86741.0,ANIMAL
2018,90035,4,1,2,5,205,ANCHOVETA,1,86350.0,MIXTA_AH
2014,28064,3,1,2,5,205,ANCHOVETA,1,86287.0,ANIMAL
2014,28064,3,1,1,3,205,ANCHOVETA,1,86211.0,ANIMAL
2018,90035,4,1,2,6,205,ANCHOVETA,1,86200.0,MIXTA_AH
2012,14837,14,1,2,6,276,SARDINA COMUN,,86000.0,ANIMAL
2012,18478,1,1,2,5,205,ANCHOVETA,,86000.0,ANIMAL
2012,90099,8,2,3,7,276,SARDINA COMUN,,86000.0,ANIMAL
2013,90035,4,2,3,8,205,ANCHOVETA,1,85990.0,MIXTA_AH
2014,90035,4,1,1,3,205,ANCHOVETA,1,85940.0,MIXTA_AH
2013,90035,4,1,1,3,205,ANCHOVETA,1,85729.0,MIXTA_AH
2014,10452,5,1,1,3,205,ANCHOVETA,1,85559.0,ANIMAL
2014,10452,5,1,2,4,205,ANCHOVETA,1,85559.0,ANIMAL
2014,10452,5,1,2,5,205,ANCHOVETA,1,85559.0,ANIMAL
2014,10452,5,1,2,6,205,ANCHOVETA,1,85559.0,ANIMAL
2014,10452,5,1,1,3,276,SARDINA COMUN,1,85559.0,ANIMAL
2014,10452,5,1,2,4,276,SARDINA COMUN,1,85559.0,ANIMAL
2014,10452,5,1,2,5,276,SARDINA COMUN,1,85559.0,ANIMAL
2014,10452,5,1,2,6,276,SARDINA COMUN,1,85559.0,ANIMAL
2012,10951,8,1,1,3,205,ANCHOVETA,,85000.0,MIXTA_AH
2012,10951,8,1,2,4,205,ANCHOVETA,,85000.0,MIXTA_AH
2012,10951,8,1,2,5,205,ANCHOVETA,,85000.0,MIXTA_AH
2012,10951,8,1,2,6,205,ANCHOVETA,,85000.0,MIXTA_AH
2012,10951,8,2,3,7,205,ANCHOVETA,,85000.0,MIXTA_AH
2012,10951,8,2,3,8,205,ANCHOVETA,,85000.0,MIXTA_AH
2012,10951,8,2,4,10,205,ANCHOVETA,,85000.0,MIXTA_AH
2012,10951,8,2,4,11,205,ANCHOVETA,,85000.0,MIXTA_AH
2012,10951,8,2,4,12,205,ANCHOVETA,,85000.0,MIXTA_AH
2012,10951,8,1,1,3,276,SARDINA COMUN,,85000.0,MIXTA_AH
2012,10951,8,1,2,4,276,SARDINA COMUN,,85000.0,MIXTA_AH
2012,10951,8,1,2,5,276,SARDINA COMUN,,85000.0,MIXTA_AH
2012,10951,8,1,2,6,276,SARDINA COMUN,,85000.0,MIXTA_AH
2012,10951,8,2,3,7,276,SARDINA COMUN,,85000.0,MIXTA_AH
2012,10951,8,2,3,8,276,SARDINA COMUN,,85000.0,MIXTA_AH
2012,10951,8,2,4,10,276,SARDINA COMUN,,85000.0,MIXTA_AH
2012,10951,8,2,4,11,276,SARDINA COMUN,,85000.0,MIXTA_AH
2012,10951,8,2,4,12,276,SARDINA COMUN,,85000.0,MIXTA_AH
2012,18478,1,2,4,10,205,ANCHOVETA,,85000.0,ANIMAL
2012,21714,15,2,3,7,278,SARDINA ESPAÑOLA,,85000.0,HUMANO
2012,28064,3,2,4,11,205,ANCHOVETA,,85000.0,ANIMAL
2012,28064,3,2,4,12,205,ANCHOVETA,,85000.0,ANIMAL
2013,10973,8,1,1,3,205,ANCHOVETA,1,85000.0,ANIMAL
2013,10973,8,1,2,4,205,ANCHOVETA,1,85000.0,ANIMAL
2013,10973,8,1,1,3,276,SARDINA COMUN,1,85000.0,ANIMAL
2013,10973,8,1,2,4,276,SARDINA COMUN,1,85000.0,ANIMAL
2014,2332,8,1,1,3,205,ANCHOVETA,1,85000.0,ANIMAL
2014,2332,8,1,2,4,205,ANCHOVETA,1,85000.0,ANIMAL
2014,10951,8,1,1,3,276,SARDINA COMUN,1,85000.0,MIXTA_AH
2014,10951,8,1,2,4,276,SARDINA COMUN,1,85000.0,MIXTA_AH
2014,10951,8,1,2,5,276,SARDINA COMUN,1,85000.0,MIXTA_AH
2014,10951,8,1,2,6,276,SARDINA COMUN,1,85000.0,MIXTA_AH
2014,10951,8,2,3,7,276,SARDINA COMUN,1,85000.0,MIXTA_AH
2014,10951,8,2,4,10,276,SARDINA COMUN,1,85000.0,MIXTA_AH
2014,10951,8,2,4,11,276,SARDINA COMUN,1,85000.0,MIXTA_AH
2019,90099,8,2,3,7,205,ANCHOVETA,1,84863.0,ANIMAL
2019,90099,8,2,3,7,276,SARDINA COMUN,1,84836.0,ANIMAL
2013,14837,14,2,4,11,205,ANCHOVETA,1,84664.0,HUMANO
2013,14837,14,2,4,11,276,SARDINA COMUN,1,84664.0,HUMANO
2013,14837,14,2,4,12,205,ANCHOVETA,1,84480.0,HUMANO
2013,14837,14,2,4,12,276,SARDINA COMUN,1,84480.0,HUMANO
2014,28064,3,1,1,2,205,ANCHOVETA,1,84457.0,ANIMAL
2014,28064,3,1,1,1,205,ANCHOVETA,1,84433.0,ANIMAL
2012,2421,8,2,3,9,205,ANCHOVETA,,84000.0,ANIMAL
2012,2421,8,2,3,9,276,SARDINA COMUN,,84000.0,ANIMAL
2012,13702,8,2,3,9,205,ANCHOVETA,,84000.0,ANIMAL
2012,13702,8,2,3,9,276,SARDINA COMUN,,84000.0,ANIMAL
2012,14815,8,2,3,9,205,ANCHOVETA,,84000.0,MIXTA_AH
2012,14815,8,2,3,9,276,SARDINA COMUN,,84000.0,MIXTA_AH
2012,18478,1,2,3,9,205,ANCHOVETA,,84000.0,ANIMAL
2012,90071,8,2,3,9,205,ANCHOVETA,,84000.0,HUMANO
2012,90071,8,2,3,9,276,SARDINA COMUN,,84000.0,HUMANO
2013,90035,4,1,2,4,205,ANCHOVETA,1,83260.0,MIXTA_AH
2012,14837,14,2,4,11,276,SARDINA COMUN,,83000.0,ANIMAL
2012,17003,8,2,4,10,276,SARDINA COMUN,,83000.0,ANIMAL
2012,28064,3,2,4,10,205,ANCHOVETA,,83000.0,ANIMAL
2012,90099,8,2,4,10,276,SARDINA COMUN,,83000.0,ANIMAL
2013,14815,8,2,4,11,205,ANCHOVETA,1,81528.0,MIXTA_AH
2013,14815,8,2,4,11,276,SARDINA COMUN,1,81528.0,MIXTA_AH
2018,90060,15,2,4,12,205,ANCHOVETA,2,80792.4,HUMANO
2012,2421,8,1,2,6,205,ANCHOVETA,,80000.0,ANIMAL
2012,2421,8,1,2,6,276,SARDINA COMUN,,80000.0,ANIMAL
2012,10973,8,2,4,10,205,ANCHOVETA,,80000.0,ANIMAL
2012,10973,8,2,4,11,205,ANCHOVETA,,80000.0,ANIMAL
2012,10973,8,2,4,12,205,ANCHOVETA,,80000.0,ANIMAL
2012,10973,8,2,4,10,276,SARDINA COMUN,,80000.0,ANIMAL
2012,10973,8,2,4,11,276,SARDINA COMUN,,80000.0,ANIMAL
2012,10973,8,2,4,12,276,SARDINA COMUN,,80000.0,ANIMAL
2012,13702,8,1,2,6,205,ANCHOVETA,,80000.0,ANIMAL
2012,13702,8,1,2,6,276,SARDINA COMUN,,80000.0,ANIMAL
2012,14815,8,1,2,6,205,ANCHOVETA,,80000.0,MIXTA_AH
2012,14815,8,1,2,6,276,SARDINA COMUN,,80000.0,MIXTA_AH
2012,21714,15,1,1,2,205,ANCHOVETA,,80000.0,HUMANO
2012,21714,15,1,1,3,205,ANCHOVETA,,80000.0,HUMANO
2012,21714,15,1,2,4,205,ANCHOVETA,,80000.0,HUMANO
2012,21714,15,1,2,5,205,ANCHOVETA,,80000.0,HUMANO
2012,21714,15,2,3,7,205,ANCHOVETA,,80000.0,HUMANO
2012,21714,15,2,3,8,205,ANCHOVETA,,80000.0,HUMANO
2012,21714,15,2,3,9,205,ANCHOVETA,,80000.0,HUMANO
2012,21714,15,2,4,11,205,ANCHOVETA,,80000.0,HUMANO
2012,21714,15,2,4,12,205,ANCHOVETA,,80000.0,HUMANO
2012,21714,15,2,3,7,234,JUREL,,80000.0,HUMANO
2012,90071,8,1,2,6,205,ANCHOVETA,,80000.0,HUMANO
2012,90071,8,1,2,6,276,SARDINA COMUN,,80000.0,HUMANO
2012,90099,8,2,3,8,276,SARDINA COMUN,,80000.0,ANIMAL
2013,21714,15,1,1,3,205,ANCHOVETA,1,80000.0,HUMANO
2013,10452,5,1,2,5,205,ANCHOVETA,1,79795.0,ANIMAL
2013,10452,5,1,2,5,276,SARDINA COMUN,1,79795.0,ANIMAL
2013,10452,5,1,1,3,205,ANCHOVETA,1,79792.0,ANIMAL
2013,10452,5,1,1,3,276,SARDINA COMUN,1,79792.0,ANIMAL
2013,10452,5,1,2,4,205,ANCHOVETA,1,79785.0,ANIMAL
2013,10452,5,1,2,4,276,SARDINA COMUN,1,79785.0,ANIMAL
2019,90060,15,1,1,3,205,ANCHOVETA,2,79755.0,HUMANO
2012,14837,14,2,3,7,276,SARDINA COMUN,,79000.0,ANIMAL
2012,28064,3,2,3,9,205,ANCHOVETA,,79000.0,ANIMAL
2018,90035,4,1,2,4,205,ANCHOVETA,1,78830.0,MIXTA_AH
2012,10973,8,2,3,8,205,ANCHOVETA,,78000.0,ANIMAL
2012,10973,8,2,3,9,205,ANCHOVETA,,78000.0,ANIMAL
2012,10973,8,2,3,8,276,SARDINA COMUN,,78000.0,ANIMAL
2012,10973,8,2,3,9,276,SARDINA COMUN,,78000.0,ANIMAL
2012,14837,14,2,4,10,276,SARDINA COMUN,,78000.0,ANIMAL
2013,14837,14,2,4,10,205,ANCHOVETA,1,77819.0,HUMANO
2013,14837,14,2,4,10,276,SARDINA COMUN,1,77819.0,HUMANO
2012,2421,8,2,3,7,205,ANCHOVETA,,77000.0,ANIMAL
2012,2421,8,2,3,7,276,SARDINA COMUN,,77000.0,ANIMAL
2012,13702,8,2,3,7,205,ANCHOVETA,,77000.0,ANIMAL
2012,13702,8,2,3,7,276,SARDINA COMUN,,77000.0,ANIMAL
2012,14815,8,2,3,7,205,ANCHOVETA,,77000.0,MIXTA_AH
2012,14815,8,2,3,7,276,SARDINA COMUN,,77000.0,MIXTA_AH
2012,17003,8,1,2,5,276,SARDINA COMUN,,77000.0,ANIMAL
2012,90071,8,2,3,7,205,ANCHOVETA,,77000.0,HUMANO
2012,90071,8,2,3,7,276,SARDINA COMUN,,77000.0,HUMANO
2017,4172,13,2,4,12,276,SARDINA COMUN,1,76567.0,HUMANO
2017,4172,13,2,4,10,278,SARDINA ESPAÑOLA,2,76567.0,HUMANO
2017,4172,13,2,4,11,278,SARDINA ESPAÑOLA,2,76567.0,HUMANO
2017,4172,13,2,4,12,278,SARDINA ESPAÑOLA,2,76567.0,HUMANO
2017,4172,13,2,3,9,276,SARDINA COMUN,1,76556.0,HUMANO
2012,14837,14,2,3,8,276,SARDINA COMUN,,76000.0,ANIMAL
2012,90099,8,1,2,5,276,SARDINA COMUN,,76000.0,ANIMAL
2013,90035,4,2,4,11,205,ANCHOVETA,1,75930.0,MIXTA_AH
2012,2421,8,1,2,5,205,ANCHOVETA,,75000.0,ANIMAL
2012,2421,8,1,2,5,276,SARDINA COMUN,,75000.0,ANIMAL
2012,13702,8,1,2,5,205,ANCHOVETA,,75000.0,ANIMAL
2012,13702,8,1,2,5,276,SARDINA COMUN,,75000.0,ANIMAL
2012,14815,8,1,2,5,205,ANCHOVETA,,75000.0,MIXTA_AH
2012,14815,8,1,2,5,276,SARDINA COMUN,,75000.0,MIXTA_AH
2012,90071,8,1,2,5,205,ANCHOVETA,,75000.0,HUMANO
2012,90071,8,1,2,5,276,SARDINA COMUN,,75000.0,HUMANO
2014,10452,5,2,4,11,205,ANCHOVETA,1,75000.0,ANIMAL
2014,10452,5,2,4,11,276,SARDINA COMUN,1,75000.0,ANIMAL
2014,10452,5,2,4,12,276,SARDINA COMUN,1,75000.0,ANIMAL
2014,90035,4,1,1,1,205,ANCHOVETA,1,74840.0,MIXTA_AH
2014,90035,4,1,1,2,205,ANCHOVETA,1,74800.0,MIXTA_AH
2019,90060,15,2,4,12,205,ANCHOVETA,2,74357.4,HUMANO
2012,14837,14,1,2,5,276,SARDINA COMUN,,74000.0,ANIMAL
2018,90060,15,1,2,5,205,ANCHOVETA,1,73678.8,HUMANO
2012,14838,8,1,2,4,276,SARDINA COMUN,,73000.0,ANIMAL
2012,17003,8,1,2,4,276,SARDINA COMUN,,73000.0,ANIMAL
2012,90035,4,1,1,1,205,ANCHOVETA,,73000.0,MIXTA_AH
2012,90035,4,2,4,11,205,ANCHOVETA,,73000.0,MIXTA_AH
2012,90099,8,1,2,4,276,SARDINA COMUN,,73000.0,ANIMAL
2012,18478,1,1,2,4,205,ANCHOVETA,,72000.0,ANIMAL
2012,90035,4,1,2,6,205,ANCHOVETA,,72000.0,MIXTA_AH
2013,90035,4,2,4,12,205,ANCHOVETA,1,71358.0,MIXTA_AH
2012,10973,8,1,2,6,205,ANCHOVETA,,71000.0,ANIMAL
2012,10973,8,2,3,7,205,ANCHOVETA,,71000.0,ANIMAL
2012,10973,8,1,2,6,276,SARDINA COMUN,,71000.0,ANIMAL
2012,10973,8,2,3,7,276,SARDINA COMUN,,71000.0,ANIMAL
2012,28064,3,1,2,4,205,ANCHOVETA,,71000.0,ANIMAL
2012,28064,3,1,2,6,205,ANCHOVETA,,71000.0,ANIMAL
2012,28064,3,2,3,7,205,ANCHOVETA,,71000.0,ANIMAL
2012,28064,3,2,3,8,205,ANCHOVETA,,71000.0,ANIMAL
2012,18478,1,1,1,3,205,ANCHOVETA,,70000.0,ANIMAL
2012,90035,4,1,1,3,205,ANCHOVETA,,70000.0,MIXTA_AH
2012,90035,4,1,1,2,205,ANCHOVETA,,69000.0,MIXTA_AH
2012,90073,8,1,1,2,276,SARDINA COMUN,,69000.0,MIXTA_AH
2012,2421,8,1,2,4,205,ANCHOVETA,,68000.0,ANIMAL
2012,2421,8,1,2,4,276,SARDINA COMUN,,68000.0,ANIMAL
2012,13702,8,1,2,4,205,ANCHOVETA,,68000.0,ANIMAL
2012,13702,8,1,2,4,276,SARDINA COMUN,,68000.0,ANIMAL
2012,14815,8,1,2,4,205,ANCHOVETA,,68000.0,MIXTA_AH
2012,14815,8,1,2,4,276,SARDINA COMUN,,68000.0,MIXTA_AH
2012,18478,1,1,1,1,205,ANCHOVETA,,68000.0,ANIMAL
2012,28064,3,1,2,5,205,ANCHOVETA,,68000.0,ANIMAL
2012,90035,4,1,2,5,205,ANCHOVETA,,68000.0,MIXTA_AH
2012,90071,8,1,2,4,205,ANCHOVETA,,68000.0,HUMANO
2012,90071,8,1,2,4,276,SARDINA COMUN,,68000.0,HUMANO
2012,14837,14,1,1,2,276,SARDINA COMUN,,67000.0,ANIMAL
2012,14837,14,1,2,4,276,SARDINA COMUN,,67000.0,ANIMAL
2012,18478,1,1,1,2,205,ANCHOVETA,,67000.0,ANIMAL
2012,14838,8,1,1,3,276,SARDINA COMUN,,66000.0,ANIMAL
2012,17003,8,1,1,3,276,SARDINA COMUN,,66000.0,ANIMAL
2012,90099,8,1,1,3,276,SARDINA COMUN,,66000.0,ANIMAL
2017,4172,13,2,4,11,276,SARDINA COMUN,1,65456.0,HUMANO
2017,4172,13,2,3,7,278,SARDINA ESPAÑOLA,2,65456.0,HUMANO
2017,4172,13,2,3,8,278,SARDINA ESPAÑOLA,2,65456.0,HUMANO
2017,4172,13,2,3,8,276,SARDINA COMUN,1,65445.0,HUMANO
2012,28064,3,1,1,1,205,ANCHOVETA,,65000.0,ANIMAL
2012,28064,3,1,1,2,205,ANCHOVETA,,65000.0,ANIMAL
2012,28064,3,1,1,3,205,ANCHOVETA,,65000.0,ANIMAL
2012,90035,4,1,2,4,205,ANCHOVETA,,65000.0,MIXTA_AH
2012,90035,4,2,3,8,205,ANCHOVETA,,65000.0,MIXTA_AH
2012,90035,4,2,4,10,205,ANCHOVETA,,64000.0,MIXTA_AH
2012,90073,8,1,1,1,276,SARDINA COMUN,,64000.0,MIXTA_AH
2012,2421,8,1,1,3,205,ANCHOVETA,,63000.0,ANIMAL
2012,2421,8,1,1,3,276,SARDINA COMUN,,63000.0,ANIMAL
2012,13702,8,1,1,3,205,ANCHOVETA,,63000.0,ANIMAL
2012,13702,8,1,1,3,276,SARDINA COMUN,,63000.0,ANIMAL
2012,14815,8,1,1,3,205,ANCHOVETA,,63000.0,MIXTA_AH
2012,14815,8,1,1,3,276,SARDINA COMUN,,63000.0,MIXTA_AH
2012,90071,8,1,1,3,205,ANCHOVETA,,63000.0,HUMANO
2012,90071,8,1,1,3,276,SARDINA COMUN,,63000.0,HUMANO
2019,90060,15,2,4,10,205,ANCHOVETA,2,62056.8,HUMANO
2012,10973,8,1,1,1,205,ANCHOVETA,,62000.0,ANIMAL
2012,10973,8,1,1,2,205,ANCHOVETA,,62000.0,ANIMAL
2012,10973,8,1,1,3,205,ANCHOVETA,,62000.0,ANIMAL
2012,10973,8,1,2,4,205,ANCHOVETA,,62000.0,ANIMAL
2012,10973,8,1,2,5,205,ANCHOVETA,,62000.0,ANIMAL
2012,10973,8,1,1,1,276,SARDINA COMUN,,62000.0,ANIMAL
2012,10973,8,1,1,2,276,SARDINA COMUN,,62000.0,ANIMAL
2012,10973,8,1,1,3,276,SARDINA COMUN,,62000.0,ANIMAL
2012,10973,8,1,2,4,276,SARDINA COMUN,,62000.0,ANIMAL
2012,10973,8,1,2,5,276,SARDINA COMUN,,62000.0,ANIMAL
2012,14837,14,1,1,3,276,SARDINA COMUN,,62000.0,ANIMAL
2012,90035,4,2,3,7,205,ANCHOVETA,,62000.0,MIXTA_AH
2012,90035,4,2,3,9,205,ANCHOVETA,,62000.0,MIXTA_AH
2019,90060,15,2,3,8,205,ANCHOVETA,2,61682.4,HUMANO
2012,90035,4,2,4,12,205,ANCHOVETA,,61000.0,MIXTA_AH
2012,10452,5,2,4,10,205,ANCHOVETA,,60000.0,ANIMAL
2012,10452,5,2,4,11,205,ANCHOVETA,,60000.0,ANIMAL
2012,10452,5,2,4,10,276,SARDINA COMUN,,60000.0,ANIMAL
2012,10452,5,2,4,11,276,SARDINA COMUN,,60000.0,ANIMAL
2012,10452,5,1,1,3,234,JUREL,,59000.0,ANIMAL
2012,10452,5,2,3,8,278,SARDINA ESPAÑOLA,,59000.0,ANIMAL
2018,90060,15,1,2,4,205,ANCHOVETA,1,56433.0,HUMANO
2019,90060,15,1,1,1,205,ANCHOVETA,2,56144.4,HUMANO
2017,4172,13,2,4,10,276,SARDINA COMUN,1,54345.0,HUMANO
2017,4172,13,2,3,7,276,SARDINA COMUN,1,54335.0,HUMANO
2018,90060,15,1,1,2,205,ANCHOVETA,1,53898.0,HUMANO
2024,4098,13,1,2,5,205,ANCHOVETA,1,50103.0,ANIMAL
2012,10452,5,1,2,4,205,ANCHOVETA,,50000.0,ANIMAL
2012,10452,5,1,2,5,205,ANCHOVETA,,50000.0,ANIMAL
2012,10452,5,1,2,6,205,ANCHOVETA,,50000.0,ANIMAL
2012,10452,5,2,4,12,205,ANCHOVETA,,50000.0,ANIMAL
2012,10452,5,1,2,4,276,SARDINA COMUN,,50000.0,ANIMAL
2012,10452,5,1,2,5,276,SARDINA COMUN,,50000.0,ANIMAL
2012,10452,5,1,2,6,276,SARDINA COMUN,,50000.0,ANIMAL
2012,10452,5,2,3,7,276,SARDINA COMUN,,50000.0,ANIMAL
2012,10452,5,2,3,8,276,SARDINA COMUN,,50000.0,ANIMAL
2024,4098,13,1,1,1,205,ANCHOVETA,1,47341.0,ANIMAL
2017,4172,13,2,3,9,278,SARDINA ESPAÑOLA,2,46654.0,HUMANO
2019,90060,15,1,2,5,205,ANCHOVETA,2,41925.0,HUMANO
2018,90060,15,1,1,3,205,ANCHOVETA,1,38344.8,HUMANO
2018,90060,15,2,3,7,205,ANCHOVETA,2,36605.4,HUMANO
2018,90060,15,1,1,1,205,ANCHOVETA,1,30396.6,HUMANO
2014,2332,8,1,2,4,276,SARDINA COMUN,1,26146.0,ANIMAL
2014,2332,8,1,1,3,276,SARDINA COMUN,1,24947.0,ANIMAL
2019,1916,8,2,3,9,276,SARDINA COMUN,2,10000.0,ANIMAL
2019,1916,8,2,4,11,276,SARDINA COMUN,2,10000.0,ANIMAL
2019,1916,8,2,4,12,276,SARDINA COMUN,2,10000.0,ANIMAL
2019,10452,5,2,3,7,276,SARDINA COMUN,1,10000.0,ANIMAL
2019,10452,5,2,4,11,276,SARDINA COMUN,1,10000.0,ANIMAL
2019,10452,5,2,4,12,276,SARDINA COMUN,1,10000.0,ANIMAL
,,,,,,,,,184943.16896235078,
,,,,,,,,,208872.5772532189,
